--
-- PostgreSQL database dump
--

-- Dumped from database version 15.3 (Debian 15.3-1.pgdg120+1)
-- Dumped by pg_dump version 15.3 (Debian 15.3-1.pgdg120+1)

SET statement_timeout = 0;
SET lock_timeout = 0;
SET idle_in_transaction_session_timeout = 0;
SET client_encoding = 'UTF8';
SET standard_conforming_strings = on;
SELECT pg_catalog.set_config('search_path', '', false);
SET check_function_bodies = false;
SET xmloption = content;
SET client_min_messages = warning;
SET row_security = off;

SET default_tablespace = '';

SET default_table_access_method = heap;

--
-- Name: auth_group; Type: TABLE; Schema: public; Owner: mhmd
--

CREATE TABLE public.auth_group (
    id integer NOT NULL,
    name character varying(150) NOT NULL
);


ALTER TABLE public.auth_group OWNER TO mhmd;

--
-- Name: auth_group_id_seq; Type: SEQUENCE; Schema: public; Owner: mhmd
--

ALTER TABLE public.auth_group ALTER COLUMN id ADD GENERATED BY DEFAULT AS IDENTITY (
    SEQUENCE NAME public.auth_group_id_seq
    START WITH 1
    INCREMENT BY 1
    NO MINVALUE
    NO MAXVALUE
    CACHE 1
);


--
-- Name: auth_group_permissions; Type: TABLE; Schema: public; Owner: mhmd
--

CREATE TABLE public.auth_group_permissions (
    id bigint NOT NULL,
    group_id integer NOT NULL,
    permission_id integer NOT NULL
);


ALTER TABLE public.auth_group_permissions OWNER TO mhmd;

--
-- Name: auth_group_permissions_id_seq; Type: SEQUENCE; Schema: public; Owner: mhmd
--

ALTER TABLE public.auth_group_permissions ALTER COLUMN id ADD GENERATED BY DEFAULT AS IDENTITY (
    SEQUENCE NAME public.auth_group_permissions_id_seq
    START WITH 1
    INCREMENT BY 1
    NO MINVALUE
    NO MAXVALUE
    CACHE 1
);


--
-- Name: auth_permission; Type: TABLE; Schema: public; Owner: mhmd
--

CREATE TABLE public.auth_permission (
    id integer NOT NULL,
    name character varying(255) NOT NULL,
    content_type_id integer NOT NULL,
    codename character varying(100) NOT NULL
);


ALTER TABLE public.auth_permission OWNER TO mhmd;

--
-- Name: auth_permission_id_seq; Type: SEQUENCE; Schema: public; Owner: mhmd
--

ALTER TABLE public.auth_permission ALTER COLUMN id ADD GENERATED BY DEFAULT AS IDENTITY (
    SEQUENCE NAME public.auth_permission_id_seq
    START WITH 1
    INCREMENT BY 1
    NO MINVALUE
    NO MAXVALUE
    CACHE 1
);


--
-- Name: authtoken_token; Type: TABLE; Schema: public; Owner: mhmd
--

CREATE TABLE public.authtoken_token (
    key character varying(40) NOT NULL,
    created timestamp with time zone NOT NULL,
    user_id uuid NOT NULL
);


ALTER TABLE public.authtoken_token OWNER TO mhmd;

--
-- Name: cards_cardtypes; Type: TABLE; Schema: public; Owner: mhmd
--

CREATE TABLE public.cards_cardtypes (
    id uuid NOT NULL,
    updated_at timestamp with time zone NOT NULL,
    created_at timestamp with time zone NOT NULL,
    is_deleted boolean NOT NULL,
    title character varying(200) NOT NULL,
    logo character varying(100) NOT NULL,
    per_year integer NOT NULL,
    per_month integer NOT NULL,
    online_visit boolean NOT NULL,
    laboratory_services boolean NOT NULL,
    nursing_services boolean NOT NULL,
    imaging_services boolean NOT NULL,
    physiotherapy_services boolean NOT NULL,
    pharmaceutical_services boolean NOT NULL
);


ALTER TABLE public.cards_cardtypes OWNER TO mhmd;

--
-- Name: cards_daroocard; Type: TABLE; Schema: public; Owner: mhmd
--

CREATE TABLE public.cards_daroocard (
    id uuid NOT NULL,
    updated_at timestamp with time zone NOT NULL,
    created_at timestamp with time zone NOT NULL,
    is_deleted boolean NOT NULL,
    number character varying(16) NOT NULL,
    card_type_id uuid NOT NULL,
    balance numeric(15,0) NOT NULL,
    status character varying(50) NOT NULL,
    "issueــdate" date,
    expiration_date date,
    discription text,
    blocked character varying(50),
    active_sms character varying(50),
    user_id uuid,
    reason_of_block character varying(500),
    tracking_code integer
);


ALTER TABLE public.cards_daroocard OWNER TO mhmd;

--
-- Name: django_admin_log; Type: TABLE; Schema: public; Owner: mhmd
--

CREATE TABLE public.django_admin_log (
    id integer NOT NULL,
    action_time timestamp with time zone NOT NULL,
    object_id text,
    object_repr character varying(200) NOT NULL,
    action_flag smallint NOT NULL,
    change_message text NOT NULL,
    content_type_id integer,
    user_id uuid NOT NULL,
    CONSTRAINT django_admin_log_action_flag_check CHECK ((action_flag >= 0))
);


ALTER TABLE public.django_admin_log OWNER TO mhmd;

--
-- Name: django_admin_log_id_seq; Type: SEQUENCE; Schema: public; Owner: mhmd
--

ALTER TABLE public.django_admin_log ALTER COLUMN id ADD GENERATED BY DEFAULT AS IDENTITY (
    SEQUENCE NAME public.django_admin_log_id_seq
    START WITH 1
    INCREMENT BY 1
    NO MINVALUE
    NO MAXVALUE
    CACHE 1
);


--
-- Name: django_content_type; Type: TABLE; Schema: public; Owner: mhmd
--

CREATE TABLE public.django_content_type (
    id integer NOT NULL,
    app_label character varying(100) NOT NULL,
    model character varying(100) NOT NULL
);


ALTER TABLE public.django_content_type OWNER TO mhmd;

--
-- Name: django_content_type_id_seq; Type: SEQUENCE; Schema: public; Owner: mhmd
--

ALTER TABLE public.django_content_type ALTER COLUMN id ADD GENERATED BY DEFAULT AS IDENTITY (
    SEQUENCE NAME public.django_content_type_id_seq
    START WITH 1
    INCREMENT BY 1
    NO MINVALUE
    NO MAXVALUE
    CACHE 1
);


--
-- Name: django_migrations; Type: TABLE; Schema: public; Owner: mhmd
--

CREATE TABLE public.django_migrations (
    id bigint NOT NULL,
    app character varying(255) NOT NULL,
    name character varying(255) NOT NULL,
    applied timestamp with time zone NOT NULL
);


ALTER TABLE public.django_migrations OWNER TO mhmd;

--
-- Name: django_migrations_id_seq; Type: SEQUENCE; Schema: public; Owner: mhmd
--

ALTER TABLE public.django_migrations ALTER COLUMN id ADD GENERATED BY DEFAULT AS IDENTITY (
    SEQUENCE NAME public.django_migrations_id_seq
    START WITH 1
    INCREMENT BY 1
    NO MINVALUE
    NO MAXVALUE
    CACHE 1
);


--
-- Name: django_session; Type: TABLE; Schema: public; Owner: mhmd
--

CREATE TABLE public.django_session (
    session_key character varying(40) NOT NULL,
    session_data text NOT NULL,
    expire_date timestamp with time zone NOT NULL
);


ALTER TABLE public.django_session OWNER TO mhmd;

--
-- Name: ipg_ipg; Type: TABLE; Schema: public; Owner: mhmd
--

CREATE TABLE public.ipg_ipg (
    id uuid NOT NULL,
    updated_at timestamp with time zone NOT NULL,
    created_at timestamp with time zone NOT NULL,
    is_deleted boolean NOT NULL,
    "From" character varying(70) NOT NULL,
    "Amount" integer NOT NULL,
    "Wage" character varying(70),
    "ResNum" character varying(70) NOT NULL,
    "CellNumber" character varying(70),
    "Token" character varying(50),
    "Status" character varying(70),
    "State" character varying(70),
    "errorCode" character varying(70),
    "errorDesc" text,
    "RRN" character varying(70),
    "MID" character varying(70),
    "RefNum" character varying(70),
    "TraceNo" character varying(70),
    "SecurePan" character varying(70),
    "HashedCardNumber" character varying(70),
    "ResultCode" character varying(70),
    "ResultDescription" character varying(70),
    "Success" boolean NOT NULL,
    "MaskedPan" character varying(70),
    "HashedPan" character varying(70),
    "TerminalNumber" integer,
    "OrginalAmount" bigint,
    "AffectiveAmount" bigint,
    "StraceDate" character varying(70),
    "StraceNo" character varying(70),
    "To_id" uuid NOT NULL,
    card_id uuid,
    description character varying(200),
    type_of_deposit character varying(70) NOT NULL,
    card_type_id uuid,
    "PurchaseInfo" character varying(70),
    vizit_id uuid,
    tracking_code character varying(50)
);


ALTER TABLE public.ipg_ipg OWNER TO mhmd;

--
-- Name: loans_adminloan; Type: TABLE; Schema: public; Owner: mhmd
--

CREATE TABLE public.loans_adminloan (
    id uuid NOT NULL,
    updated_at timestamp with time zone NOT NULL,
    created_at timestamp with time zone NOT NULL,
    is_deleted boolean NOT NULL,
    loan_type character varying(20) NOT NULL,
    limitation character varying(200) NOT NULL,
    "Interest" character varying(200) NOT NULL,
    installment character varying(200) NOT NULL,
    support character varying(200) NOT NULL,
    logo character varying(100) NOT NULL
);


ALTER TABLE public.loans_adminloan OWNER TO mhmd;

--
-- Name: loans_loan; Type: TABLE; Schema: public; Owner: mhmd
--

CREATE TABLE public.loans_loan (
    id uuid NOT NULL,
    updated_at timestamp with time zone NOT NULL,
    created_at timestamp with time zone NOT NULL,
    is_deleted boolean NOT NULL,
    loan_type character varying(20) NOT NULL,
    loan_amount numeric(20,8) NOT NULL,
    payment_time integer NOT NULL,
    installment numeric(20,8) NOT NULL,
    description character varying(200),
    amin_description character varying(200),
    state character varying(50) NOT NULL,
    user_id uuid NOT NULL,
    tracking_code integer
);


ALTER TABLE public.loans_loan OWNER TO mhmd;

--
-- Name: loans_textloan; Type: TABLE; Schema: public; Owner: mhmd
--

CREATE TABLE public.loans_textloan (
    id uuid NOT NULL,
    updated_at timestamp with time zone NOT NULL,
    created_at timestamp with time zone NOT NULL,
    is_deleted boolean NOT NULL,
    content text NOT NULL
);


ALTER TABLE public.loans_textloan OWNER TO mhmd;

--
-- Name: managements_adminrequests; Type: TABLE; Schema: public; Owner: mhmd
--

CREATE TABLE public.managements_adminrequests (
    id uuid NOT NULL,
    updated_at timestamp with time zone NOT NULL,
    created_at timestamp with time zone NOT NULL,
    is_deleted boolean NOT NULL,
    reason_object_id character varying(50) NOT NULL,
    request_type character varying(50) NOT NULL,
    reason_of_reject character varying(500),
    status character varying(50) NOT NULL,
    reason_content_type_id integer NOT NULL
);


ALTER TABLE public.managements_adminrequests OWNER TO mhmd;

--
-- Name: managements_mablaghsms; Type: TABLE; Schema: public; Owner: mhmd
--

CREATE TABLE public.managements_mablaghsms (
    id uuid NOT NULL,
    updated_at timestamp with time zone NOT NULL,
    created_at timestamp with time zone NOT NULL,
    is_deleted boolean NOT NULL,
    mablagh numeric(24,0) NOT NULL
);


ALTER TABLE public.managements_mablaghsms OWNER TO mhmd;

--
-- Name: managements_rules; Type: TABLE; Schema: public; Owner: mhmd
--

CREATE TABLE public.managements_rules (
    id uuid NOT NULL,
    updated_at timestamp with time zone NOT NULL,
    created_at timestamp with time zone NOT NULL,
    is_deleted boolean NOT NULL,
    content text NOT NULL
);


ALTER TABLE public.managements_rules OWNER TO mhmd;

--
-- Name: markets_balances; Type: TABLE; Schema: public; Owner: mhmd
--

CREATE TABLE public.markets_balances (
    id uuid NOT NULL,
    updated_at timestamp with time zone NOT NULL,
    created_at timestamp with time zone NOT NULL,
    is_deleted boolean NOT NULL,
    currency character varying(10) NOT NULL,
    amount numeric(20,2) NOT NULL,
    user_id uuid NOT NULL
);


ALTER TABLE public.markets_balances OWNER TO mhmd;

--
-- Name: markets_blockfee; Type: TABLE; Schema: public; Owner: mhmd
--

CREATE TABLE public.markets_blockfee (
    id uuid NOT NULL,
    updated_at timestamp with time zone NOT NULL,
    created_at timestamp with time zone NOT NULL,
    is_deleted boolean NOT NULL,
    currency character varying(10) NOT NULL,
    amount numeric(20,2) NOT NULL,
    status character varying(10) NOT NULL,
    user_id uuid NOT NULL,
    reason_content_type_id integer NOT NULL,
    reason_object_id character varying(50) NOT NULL,
    tx_id character varying(500)
);


ALTER TABLE public.markets_blockfee OWNER TO mhmd;

--
-- Name: markets_createdeposit; Type: TABLE; Schema: public; Owner: mhmd
--

CREATE TABLE public.markets_createdeposit (
    id uuid NOT NULL,
    updated_at timestamp with time zone NOT NULL,
    created_at timestamp with time zone NOT NULL,
    is_deleted boolean NOT NULL,
    currency character varying(10) NOT NULL,
    amount numeric(20,2) NOT NULL,
    deposit_time integer NOT NULL,
    interest double precision NOT NULL,
    state character varying(50) NOT NULL,
    user_id uuid NOT NULL
);


ALTER TABLE public.markets_createdeposit OWNER TO mhmd;

--
-- Name: markets_creditcard; Type: TABLE; Schema: public; Owner: mhmd
--

CREATE TABLE public.markets_creditcard (
    id uuid NOT NULL,
    updated_at timestamp with time zone NOT NULL,
    created_at timestamp with time zone NOT NULL,
    is_deleted boolean NOT NULL,
    card_type character varying(20) NOT NULL,
    card_level character varying(20) NOT NULL,
    currency character varying(10) NOT NULL,
    amount numeric(20,2) NOT NULL,
    state character varying(50) NOT NULL,
    user_id uuid NOT NULL
);


ALTER TABLE public.markets_creditcard OWNER TO mhmd;

--
-- Name: markets_deposithistory; Type: TABLE; Schema: public; Owner: mhmd
--

CREATE TABLE public.markets_deposithistory (
    id uuid NOT NULL,
    updated_at timestamp with time zone NOT NULL,
    created_at timestamp with time zone NOT NULL,
    is_deleted boolean NOT NULL,
    to_address character varying(500) NOT NULL,
    value character varying(500) NOT NULL,
    tx_id character varying(500) NOT NULL,
    "time" character varying(500) NOT NULL,
    email_is_sent boolean NOT NULL,
    from_address character varying(500) NOT NULL,
    state character varying(50) NOT NULL
);


ALTER TABLE public.markets_deposithistory OWNER TO mhmd;

--
-- Name: markets_emailbalance; Type: TABLE; Schema: public; Owner: mhmd
--

CREATE TABLE public.markets_emailbalance (
    emailloan_ptr_id uuid NOT NULL
);


ALTER TABLE public.markets_emailbalance OWNER TO mhmd;

--
-- Name: markets_emailloan; Type: TABLE; Schema: public; Owner: mhmd
--

CREATE TABLE public.markets_emailloan (
    id uuid NOT NULL,
    updated_at timestamp with time zone NOT NULL,
    created_at timestamp with time zone NOT NULL,
    is_deleted boolean NOT NULL,
    code character varying(20) NOT NULL,
    user_id uuid NOT NULL
);


ALTER TABLE public.markets_emailloan OWNER TO mhmd;

--
-- Name: markets_feelimit; Type: TABLE; Schema: public; Owner: mhmd
--

CREATE TABLE public.markets_feelimit (
    id uuid NOT NULL,
    updated_at timestamp with time zone NOT NULL,
    created_at timestamp with time zone NOT NULL,
    is_deleted boolean NOT NULL,
    fee_limtt integer NOT NULL
);


ALTER TABLE public.markets_feelimit OWNER TO mhmd;

--
-- Name: markets_fiatdeposithistory; Type: TABLE; Schema: public; Owner: mhmd
--

CREATE TABLE public.markets_fiatdeposithistory (
    id uuid NOT NULL,
    updated_at timestamp with time zone NOT NULL,
    created_at timestamp with time zone NOT NULL,
    is_deleted boolean NOT NULL,
    currency character varying(10) NOT NULL,
    amount numeric(20,2) NOT NULL,
    deposit_id character varying(200),
    status character varying(200),
    user_id uuid NOT NULL
);


ALTER TABLE public.markets_fiatdeposithistory OWNER TO mhmd;

--
-- Name: markets_intermediatewallet; Type: TABLE; Schema: public; Owner: mhmd
--

CREATE TABLE public.markets_intermediatewallet (
    id uuid NOT NULL,
    updated_at timestamp with time zone NOT NULL,
    created_at timestamp with time zone NOT NULL,
    is_deleted boolean NOT NULL,
    private_key character varying(500) NOT NULL,
    address character varying(500) NOT NULL
);


ALTER TABLE public.markets_intermediatewallet OWNER TO mhmd;

--
-- Name: markets_internaltransfers; Type: TABLE; Schema: public; Owner: mhmd
--

CREATE TABLE public.markets_internaltransfers (
    id uuid NOT NULL,
    updated_at timestamp with time zone NOT NULL,
    created_at timestamp with time zone NOT NULL,
    is_deleted boolean NOT NULL,
    currency character varying(10) NOT NULL,
    amount numeric(20,2) NOT NULL,
    from_user_id uuid NOT NULL,
    to_user_id uuid NOT NULL,
    behalf character varying(10) NOT NULL,
    description text NOT NULL,
    destination_account_owner character varying(200) NOT NULL,
    wage numeric(5,2) NOT NULL
);


ALTER TABLE public.markets_internaltransfers OWNER TO mhmd;

--
-- Name: markets_loan; Type: TABLE; Schema: public; Owner: mhmd
--

CREATE TABLE public.markets_loan (
    id uuid NOT NULL,
    updated_at timestamp with time zone NOT NULL,
    created_at timestamp with time zone NOT NULL,
    is_deleted boolean NOT NULL,
    currency character varying(10) NOT NULL,
    loan_amount numeric(20,8) NOT NULL,
    payment_time integer NOT NULL,
    installment numeric(20,8) NOT NULL,
    state character varying(50) NOT NULL,
    user_id uuid NOT NULL
);


ALTER TABLE public.markets_loan OWNER TO mhmd;

--
-- Name: markets_support; Type: TABLE; Schema: public; Owner: mhmd
--

CREATE TABLE public.markets_support (
    id uuid NOT NULL,
    updated_at timestamp with time zone NOT NULL,
    created_at timestamp with time zone NOT NULL,
    is_deleted boolean NOT NULL,
    subject character varying(20) NOT NULL,
    title character varying(100) NOT NULL,
    message text NOT NULL,
    state character varying(50) NOT NULL,
    user_id uuid NOT NULL
);


ALTER TABLE public.markets_support OWNER TO mhmd;

--
-- Name: markets_wage; Type: TABLE; Schema: public; Owner: mhmd
--

CREATE TABLE public.markets_wage (
    id uuid NOT NULL,
    updated_at timestamp with time zone NOT NULL,
    created_at timestamp with time zone NOT NULL,
    is_deleted boolean NOT NULL,
    loan_wage numeric(5,2) NOT NULL,
    transfer_wage numeric(5,2) NOT NULL
);


ALTER TABLE public.markets_wage OWNER TO mhmd;

--
-- Name: markets_wallets; Type: TABLE; Schema: public; Owner: mhmd
--

CREATE TABLE public.markets_wallets (
    id uuid NOT NULL,
    updated_at timestamp with time zone NOT NULL,
    created_at timestamp with time zone NOT NULL,
    is_deleted boolean NOT NULL,
    address character varying(500) NOT NULL,
    user_id uuid,
    network character varying(500) NOT NULL,
    tx_id_activation character varying(500)
);


ALTER TABLE public.markets_wallets OWNER TO mhmd;

--
-- Name: markets_withdrawal; Type: TABLE; Schema: public; Owner: mhmd
--

CREATE TABLE public.markets_withdrawal (
    id uuid NOT NULL,
    updated_at timestamp with time zone NOT NULL,
    created_at timestamp with time zone NOT NULL,
    is_deleted boolean NOT NULL,
    currency character varying(10) NOT NULL,
    amount numeric(20,2) NOT NULL,
    tx_id character varying(500),
    status character varying(10) NOT NULL,
    address character varying(200) NOT NULL,
    destination_account_owner character varying(200) NOT NULL,
    behalf character varying(100) NOT NULL,
    description text NOT NULL,
    user_id uuid NOT NULL,
    wage numeric(5,2) NOT NULL
);


ALTER TABLE public.markets_withdrawal OWNER TO mhmd;

--
-- Name: tickets_support; Type: TABLE; Schema: public; Owner: mhmd
--

CREATE TABLE public.tickets_support (
    id uuid NOT NULL,
    updated_at timestamp with time zone NOT NULL,
    created_at timestamp with time zone NOT NULL,
    is_deleted boolean NOT NULL,
    title character varying(100) NOT NULL,
    message text NOT NULL,
    state character varying(50) NOT NULL,
    user_id uuid NOT NULL
);


ALTER TABLE public.tickets_support OWNER TO mhmd;

--
-- Name: token_blacklist_blacklistedtoken; Type: TABLE; Schema: public; Owner: mhmd
--

CREATE TABLE public.token_blacklist_blacklistedtoken (
    id bigint NOT NULL,
    blacklisted_at timestamp with time zone NOT NULL,
    token_id bigint NOT NULL
);


ALTER TABLE public.token_blacklist_blacklistedtoken OWNER TO mhmd;

--
-- Name: token_blacklist_blacklistedtoken_id_seq; Type: SEQUENCE; Schema: public; Owner: mhmd
--

ALTER TABLE public.token_blacklist_blacklistedtoken ALTER COLUMN id ADD GENERATED BY DEFAULT AS IDENTITY (
    SEQUENCE NAME public.token_blacklist_blacklistedtoken_id_seq
    START WITH 1
    INCREMENT BY 1
    NO MINVALUE
    NO MAXVALUE
    CACHE 1
);


--
-- Name: token_blacklist_outstandingtoken; Type: TABLE; Schema: public; Owner: mhmd
--

CREATE TABLE public.token_blacklist_outstandingtoken (
    id bigint NOT NULL,
    token text NOT NULL,
    created_at timestamp with time zone,
    expires_at timestamp with time zone NOT NULL,
    user_id uuid,
    jti character varying(255) NOT NULL
);


ALTER TABLE public.token_blacklist_outstandingtoken OWNER TO mhmd;

--
-- Name: token_blacklist_outstandingtoken_id_seq; Type: SEQUENCE; Schema: public; Owner: mhmd
--

ALTER TABLE public.token_blacklist_outstandingtoken ALTER COLUMN id ADD GENERATED BY DEFAULT AS IDENTITY (
    SEQUENCE NAME public.token_blacklist_outstandingtoken_id_seq
    START WITH 1
    INCREMENT BY 1
    NO MINVALUE
    NO MAXVALUE
    CACHE 1
);


--
-- Name: tracks_trackingcode; Type: TABLE; Schema: public; Owner: mhmd
--

CREATE TABLE public.tracks_trackingcode (
    id uuid NOT NULL,
    updated_at timestamp with time zone NOT NULL,
    created_at timestamp with time zone NOT NULL,
    is_deleted boolean NOT NULL,
    tracking_code integer NOT NULL
);


ALTER TABLE public.tracks_trackingcode OWNER TO mhmd;

--
-- Name: users_notification; Type: TABLE; Schema: public; Owner: mhmd
--

CREATE TABLE public.users_notification (
    id uuid NOT NULL,
    updated_at timestamp with time zone NOT NULL,
    created_at timestamp with time zone NOT NULL,
    is_deleted boolean NOT NULL,
    sms boolean NOT NULL,
    email boolean NOT NULL,
    deposit boolean NOT NULL,
    deposit_and_withdraw boolean NOT NULL,
    state character varying(50) NOT NULL,
    user_id uuid NOT NULL
);


ALTER TABLE public.users_notification OWNER TO mhmd;

--
-- Name: users_sign; Type: TABLE; Schema: public; Owner: mhmd
--

CREATE TABLE public.users_sign (
    id uuid NOT NULL,
    updated_at timestamp with time zone NOT NULL,
    created_at timestamp with time zone NOT NULL,
    is_deleted boolean NOT NULL,
    token character varying(250) NOT NULL,
    user_id uuid NOT NULL
);


ALTER TABLE public.users_sign OWNER TO mhmd;

--
-- Name: users_usermodel; Type: TABLE; Schema: public; Owner: mhmd
--

CREATE TABLE public.users_usermodel (
    password character varying(128) NOT NULL,
    last_login timestamp with time zone,
    is_superuser boolean NOT NULL,
    first_name character varying(150) NOT NULL,
    last_name character varying(150) NOT NULL,
    is_staff boolean NOT NULL,
    is_active boolean NOT NULL,
    date_joined timestamp with time zone NOT NULL,
    id uuid NOT NULL,
    username character varying(150),
    nick_name character varying(150),
    phone_number character varying(11) NOT NULL,
    email_is_verified boolean NOT NULL,
    email character varying(254) NOT NULL,
    phone_is_verified boolean NOT NULL,
    id_number character varying(150) NOT NULL,
    id_card_image character varying(1000) NOT NULL,
    passport_number character varying(150) NOT NULL,
    passport_image character varying(1000) NOT NULL,
    address text NOT NULL,
    updated_at timestamp with time zone NOT NULL,
    created_at timestamp with time zone NOT NULL,
    birthday date NOT NULL
);


ALTER TABLE public.users_usermodel OWNER TO mhmd;

--
-- Name: users_usermodel_groups; Type: TABLE; Schema: public; Owner: mhmd
--

CREATE TABLE public.users_usermodel_groups (
    id bigint NOT NULL,
    usermodel_id uuid NOT NULL,
    group_id integer NOT NULL
);


ALTER TABLE public.users_usermodel_groups OWNER TO mhmd;

--
-- Name: users_usermodel_groups_id_seq; Type: SEQUENCE; Schema: public; Owner: mhmd
--

ALTER TABLE public.users_usermodel_groups ALTER COLUMN id ADD GENERATED BY DEFAULT AS IDENTITY (
    SEQUENCE NAME public.users_usermodel_groups_id_seq
    START WITH 1
    INCREMENT BY 1
    NO MINVALUE
    NO MAXVALUE
    CACHE 1
);


--
-- Name: users_usermodel_user_permissions; Type: TABLE; Schema: public; Owner: mhmd
--

CREATE TABLE public.users_usermodel_user_permissions (
    id bigint NOT NULL,
    usermodel_id uuid NOT NULL,
    permission_id integer NOT NULL
);


ALTER TABLE public.users_usermodel_user_permissions OWNER TO mhmd;

--
-- Name: users_usermodel_user_permissions_id_seq; Type: SEQUENCE; Schema: public; Owner: mhmd
--

ALTER TABLE public.users_usermodel_user_permissions ALTER COLUMN id ADD GENERATED BY DEFAULT AS IDENTITY (
    SEQUENCE NAME public.users_usermodel_user_permissions_id_seq
    START WITH 1
    INCREMENT BY 1
    NO MINVALUE
    NO MAXVALUE
    CACHE 1
);


--
-- Name: vizits_services; Type: TABLE; Schema: public; Owner: mhmd
--

CREATE TABLE public.vizits_services (
    id uuid NOT NULL,
    updated_at timestamp with time zone NOT NULL,
    created_at timestamp with time zone NOT NULL,
    is_deleted boolean NOT NULL,
    service character varying(50) NOT NULL,
    center_id uuid NOT NULL
);


ALTER TABLE public.vizits_services OWNER TO mhmd;

--
-- Name: vizits_vizits; Type: TABLE; Schema: public; Owner: mhmd
--

CREATE TABLE public.vizits_vizits (
    id uuid NOT NULL,
    updated_at timestamp with time zone NOT NULL,
    created_at timestamp with time zone NOT NULL,
    is_deleted boolean NOT NULL,
    name character varying(50) NOT NULL,
    title character varying(50) NOT NULL,
    national_id character varying(50) NOT NULL,
    phone_number character varying(50) NOT NULL,
    mablagh numeric(24,0) NOT NULL,
    status character varying(20) NOT NULL,
    dsc text NOT NULL,
    payment_method character varying(10) NOT NULL,
    center_id uuid NOT NULL,
    service_id uuid NOT NULL,
    tracking_code integer
);


ALTER TABLE public.vizits_vizits OWNER TO mhmd;

--
-- Data for Name: auth_group; Type: TABLE DATA; Schema: public; Owner: mhmd
--

COPY public.auth_group (id, name) FROM stdin;
\.


--
-- Data for Name: auth_group_permissions; Type: TABLE DATA; Schema: public; Owner: mhmd
--

COPY public.auth_group_permissions (id, group_id, permission_id) FROM stdin;
\.


--
-- Data for Name: auth_permission; Type: TABLE DATA; Schema: public; Owner: mhmd
--

COPY public.auth_permission (id, name, content_type_id, codename) FROM stdin;
1	Can add log entry	1	add_logentry
2	Can change log entry	1	change_logentry
3	Can delete log entry	1	delete_logentry
4	Can view log entry	1	view_logentry
5	Can add permission	2	add_permission
6	Can change permission	2	change_permission
7	Can delete permission	2	delete_permission
8	Can view permission	2	view_permission
9	Can add group	3	add_group
10	Can change group	3	change_group
11	Can delete group	3	delete_group
12	Can view group	3	view_group
13	Can add content type	4	add_contenttype
14	Can change content type	4	change_contenttype
15	Can delete content type	4	delete_contenttype
16	Can view content type	4	view_contenttype
17	Can add session	5	add_session
18	Can change session	5	change_session
19	Can delete session	5	delete_session
20	Can view session	5	view_session
21	Can add user	6	add_usermodel
22	Can change user	6	change_usermodel
23	Can delete user	6	delete_usermodel
24	Can view user	6	view_usermodel
25	Can add sign	7	add_sign
26	Can change sign	7	change_sign
27	Can delete sign	7	delete_sign
28	Can view sign	7	view_sign
29	Can add notification	8	add_notification
30	Can change notification	8	change_notification
31	Can delete notification	8	delete_notification
32	Can view notification	8	view_notification
33	Can add create deposit	9	add_createdeposit
34	Can change create deposit	9	change_createdeposit
35	Can delete create deposit	9	delete_createdeposit
36	Can view create deposit	9	view_createdeposit
37	Can add loan	10	add_loan
38	Can change loan	10	change_loan
39	Can delete loan	10	delete_loan
40	Can view loan	10	view_loan
41	Can add wage	11	add_wage
42	Can change wage	11	change_wage
43	Can delete wage	11	delete_wage
44	Can view wage	11	view_wage
45	Can add wallets	12	add_wallets
46	Can change wallets	12	change_wallets
47	Can delete wallets	12	delete_wallets
48	Can view wallets	12	view_wallets
49	Can add fiat deposit history	13	add_fiatdeposithistory
50	Can change fiat deposit history	13	change_fiatdeposithistory
51	Can delete fiat deposit history	13	delete_fiatdeposithistory
52	Can view fiat deposit history	13	view_fiatdeposithistory
53	Can add support	14	add_support
54	Can change support	14	change_support
55	Can delete support	14	delete_support
56	Can view support	14	view_support
57	Can add credit card	15	add_creditcard
58	Can change credit card	15	change_creditcard
59	Can delete credit card	15	delete_creditcard
60	Can view credit card	15	view_creditcard
61	Can add internal transfers	16	add_internaltransfers
62	Can change internal transfers	16	change_internaltransfers
63	Can delete internal transfers	16	delete_internaltransfers
64	Can view internal transfers	16	view_internaltransfers
65	Can add balances	17	add_balances
66	Can change balances	17	change_balances
67	Can delete balances	17	delete_balances
68	Can view balances	17	view_balances
69	Can add withdrawal	18	add_withdrawal
70	Can change withdrawal	18	change_withdrawal
71	Can delete withdrawal	18	delete_withdrawal
72	Can view withdrawal	18	view_withdrawal
73	Can add deposit history	19	add_deposithistory
74	Can change deposit history	19	change_deposithistory
75	Can delete deposit history	19	delete_deposithistory
76	Can view deposit history	19	view_deposithistory
77	Can add email loan	20	add_emailloan
78	Can change email loan	20	change_emailloan
79	Can delete email loan	20	delete_emailloan
80	Can view email loan	20	view_emailloan
81	Can add email balance	21	add_emailbalance
82	Can change email balance	21	change_emailbalance
83	Can delete email balance	21	delete_emailbalance
84	Can view email balance	21	view_emailbalance
85	Can add block fee	22	add_blockfee
86	Can change block fee	22	change_blockfee
87	Can delete block fee	22	delete_blockfee
88	Can view block fee	22	view_blockfee
89	Can add fee limit	23	add_feelimit
90	Can change fee limit	23	change_feelimit
91	Can delete fee limit	23	delete_feelimit
92	Can view fee limit	23	view_feelimit
93	Can add intermediate wallet	24	add_intermediatewallet
94	Can change intermediate wallet	24	change_intermediatewallet
95	Can delete intermediate wallet	24	delete_intermediatewallet
96	Can view intermediate wallet	24	view_intermediatewallet
97	Can add blacklisted token	25	add_blacklistedtoken
98	Can change blacklisted token	25	change_blacklistedtoken
99	Can delete blacklisted token	25	delete_blacklistedtoken
100	Can view blacklisted token	25	view_blacklistedtoken
101	Can add outstanding token	26	add_outstandingtoken
102	Can change outstanding token	26	change_outstandingtoken
103	Can delete outstanding token	26	delete_outstandingtoken
104	Can view outstanding token	26	view_outstandingtoken
105	Can add Token	27	add_token
106	Can change Token	27	change_token
107	Can delete Token	27	delete_token
108	Can view Token	27	view_token
109	Can add token	28	add_tokenproxy
110	Can change token	28	change_tokenproxy
111	Can delete token	28	delete_tokenproxy
112	Can view token	28	view_tokenproxy
\.


--
-- Data for Name: authtoken_token; Type: TABLE DATA; Schema: public; Owner: mhmd
--

COPY public.authtoken_token (key, created, user_id) FROM stdin;
ada9bf4e54674e15150b7862a8485740e0eba728	2024-01-10 06:37:59.072484+00	0221f4eb-fc25-4f10-ba92-b4bd79b71b08
88b86ad6ae0ab80a81802216cbd7495f60123d04	2024-03-09 19:30:43.25302+00	10a55061-d3f1-4d47-bb5c-138070d39a5d
7fd19c5eb8af90bf4ec7f97d6ccb733ef98c38e7	2024-03-11 09:08:28.930938+00	98ee7642-812c-4255-924e-5d82a6d87c38
7ac6a54c67d44c14c340d5cd97adb957fdef2b40	2024-03-13 09:37:11.179674+00	32026943-7b4b-46a3-8b2d-49c44f8b04b2
f1198f071eca649c1c919b650344d2a030ed6138	2024-04-14 05:15:41.187639+00	caf8b8ba-91de-4a7b-add8-948cedc401a5
b486e38f503bd0be2bc9436f1916401433843663	2024-04-17 14:29:52.126866+00	707c5d64-eeb4-4a15-a576-1010bae37785
764ee4e9e24104394056d3ef50a7edc999679923	2024-04-17 15:00:07.212392+00	4220dc35-296f-4189-8f23-7acc4d40cb45
62d3b59f397d200aa618fcd0a8017d43c44322da	2024-05-30 13:10:43.313051+00	699cb912-677c-44d4-8622-26accf7aec5b
4c4153a3c236bd1b8df3f5b91e1170f723291168	2024-06-10 17:49:32.07623+00	6838cb4e-5096-48bf-a438-2f8ce5ab78a4
0774d04a7bfab4a1c7924f783bfd07f34503ddbe	2024-06-16 14:45:44.336884+00	2452739c-9e37-4c48-a90a-ab220c914c43
60991504a4083dbcfe51af3a75763d7f7daa9d7f	2024-06-16 14:48:01.092642+00	ada20c7b-1e8c-440e-a177-2c4448843eeb
6133ce274066d324bd44798a918b88c86d01a660	2024-06-16 14:48:19.571101+00	60317f49-f765-44a0-9323-f2840beb505b
0390eccf11b2a86885f407ddb03c6f7192da9f21	2024-06-21 03:58:28.585822+00	804566f2-64fd-4aa1-821d-b10272574460
c04fe09ad5ddc6702189e58fe6ea4a91b771b470	2024-09-06 13:14:06.290971+00	cf4146da-0ada-4f5e-9ab4-005ebd13d137
351d1e6a34c3fe370e647cae830a21fb5efb780d	2024-09-06 13:54:21.186222+00	ccac4e4f-c44d-4acc-9710-f48b77976c7a
bafa518763b7c06b76a675695f1e23b5124a882d	2024-09-06 18:50:41.74936+00	fbeca442-b3b4-46dc-a68c-3a73e7bb396d
bb8e31957ce1a60feb102954bbf10e57c613bf64	2024-09-17 20:50:01.35465+00	df151d9e-338e-4590-9eb0-a05db400c2b1
717ec90593fbad5a71f3a83ea41608a95fd7f312	2024-09-21 20:02:57.372069+00	ffcd09c0-a4d2-42e1-8039-d9a8b472bfc6
\.


--
-- Data for Name: cards_cardtypes; Type: TABLE DATA; Schema: public; Owner: mhmd
--

COPY public.cards_cardtypes (id, updated_at, created_at, is_deleted, title, logo, per_year, per_month, online_visit, laboratory_services, nursing_services, imaging_services, physiotherapy_services, pharmaceutical_services) FROM stdin;
\.


--
-- Data for Name: cards_daroocard; Type: TABLE DATA; Schema: public; Owner: mhmd
--

COPY public.cards_daroocard (id, updated_at, created_at, is_deleted, number, card_type_id, balance, status, "issueــdate", expiration_date, discription, blocked, active_sms, user_id, reason_of_block, tracking_code) FROM stdin;
\.


--
-- Data for Name: django_admin_log; Type: TABLE DATA; Schema: public; Owner: mhmd
--

COPY public.django_admin_log (id, action_time, object_id, object_repr, action_flag, change_message, content_type_id, user_id) FROM stdin;
1	2023-11-18 10:14:30.036065+00	a84810fe-d865-4515-b2e4-f1ef2cc45ae9	nikmehrfallahian@yahoo.com	1	[{"added": {}}]	6	05e2bb76-fa71-4de1-b4f6-8059503b2cdc
2	2023-11-18 11:38:53.438702+00	a84810fe-d865-4515-b2e4-f1ef2cc45ae9	nikmehrfallahian@yahoo.com	2	[{"changed": {"fields": ["Id_card_image"]}}]	6	05e2bb76-fa71-4de1-b4f6-8059503b2cdc
3	2023-11-18 11:39:35.404039+00	a84810fe-d865-4515-b2e4-f1ef2cc45ae9	nikmehrfallahian@yahoo.com	3		6	05e2bb76-fa71-4de1-b4f6-8059503b2cdc
35	2023-11-18 11:44:23.108894+00	f8015edf-ea74-41b8-ac76-5476e2421567	nikmehrfallahian@yahoo.com	1	[{"added": {}}]	6	05e2bb76-fa71-4de1-b4f6-8059503b2cdc
36	2023-11-18 11:46:12.724521+00	f8015edf-ea74-41b8-ac76-5476e2421567	nikmehrfallahian@yahoo.com	2	[{"changed": {"fields": ["Date joined"]}}]	6	05e2bb76-fa71-4de1-b4f6-8059503b2cdc
37	2023-11-19 03:48:27.333537+00	cf4146da-0ada-4f5e-9ab4-005ebd13d137	kdezhamkhouy@gmail.com	1	[{"added": {}}]	6	05e2bb76-fa71-4de1-b4f6-8059503b2cdc
38	2023-11-19 03:49:13.044966+00	cf4146da-0ada-4f5e-9ab4-005ebd13d137	kdezhamkhouy@gmail.com	2	[{"changed": {"fields": ["Date joined"]}}]	6	05e2bb76-fa71-4de1-b4f6-8059503b2cdc
39	2023-11-19 03:52:52.449707+00	c6dfae7f-01a1-4d5f-b732-f6875575179c	fereshte_solgi@yahoo.com	1	[{"added": {}}]	6	05e2bb76-fa71-4de1-b4f6-8059503b2cdc
40	2023-11-19 03:53:31.889662+00	c6dfae7f-01a1-4d5f-b732-f6875575179c	fereshte_solgi@yahoo.com	2	[{"changed": {"fields": ["Date joined"]}}]	6	05e2bb76-fa71-4de1-b4f6-8059503b2cdc
41	2023-11-19 03:58:00.370377+00	b95349cf-4ca8-4538-a106-f8c2290c5087	aslaninegar78@yahoo.com	1	[{"added": {}}]	6	05e2bb76-fa71-4de1-b4f6-8059503b2cdc
42	2023-11-19 03:58:31.311621+00	b95349cf-4ca8-4538-a106-f8c2290c5087	aslaninegar78@yahoo.com	2	[{"changed": {"fields": ["Date joined"]}}]	6	05e2bb76-fa71-4de1-b4f6-8059503b2cdc
43	2023-11-19 04:02:56.79283+00	b3f49530-ddee-4457-b861-02c9da8eba0c	hadinaserico@gmail.com	1	[{"added": {}}]	6	05e2bb76-fa71-4de1-b4f6-8059503b2cdc
44	2023-11-19 04:03:30.209312+00	b3f49530-ddee-4457-b861-02c9da8eba0c	hadinaserico@gmail.com	2	[{"changed": {"fields": ["Date joined"]}}]	6	05e2bb76-fa71-4de1-b4f6-8059503b2cdc
45	2023-11-19 04:07:49.50559+00	8bd97402-2c0a-4d97-a000-475b59167a1d	monid29291@gmail.com	1	[{"added": {}}]	6	05e2bb76-fa71-4de1-b4f6-8059503b2cdc
46	2023-11-19 04:08:20.218619+00	8bd97402-2c0a-4d97-a000-475b59167a1d	monid29291@gmail.com	2	[{"changed": {"fields": ["Date joined"]}}]	6	05e2bb76-fa71-4de1-b4f6-8059503b2cdc
47	2023-11-19 04:12:13.672666+00	707c5d64-eeb4-4a15-a576-1010bae37785	hamedvisionebaba2@gmail.com	1	[{"added": {}}]	6	05e2bb76-fa71-4de1-b4f6-8059503b2cdc
48	2023-11-19 04:12:44.822282+00	707c5d64-eeb4-4a15-a576-1010bae37785	hamedvisionebaba2@gmail.com	2	[{"changed": {"fields": ["Date joined"]}}]	6	05e2bb76-fa71-4de1-b4f6-8059503b2cdc
49	2023-11-19 04:16:17.560425+00	6838cb4e-5096-48bf-a438-2f8ce5ab78a4	aminakbari88@gmail.com	1	[{"added": {}}]	6	05e2bb76-fa71-4de1-b4f6-8059503b2cdc
50	2023-11-19 04:16:58.15907+00	6838cb4e-5096-48bf-a438-2f8ce5ab78a4	aminakbari88@gmail.com	2	[{"changed": {"fields": ["Date joined"]}}]	6	05e2bb76-fa71-4de1-b4f6-8059503b2cdc
51	2023-11-19 04:21:45.388106+00	3f42df58-db8b-43fe-b425-28cd4c17249e	nkhezerlou90@gmail.com	1	[{"added": {}}]	6	05e2bb76-fa71-4de1-b4f6-8059503b2cdc
52	2023-11-19 04:22:38.115927+00	3f42df58-db8b-43fe-b425-28cd4c17249e	nkhezerlou90@gmail.com	2	[{"changed": {"fields": ["Passport_image", "Date joined"]}}]	6	05e2bb76-fa71-4de1-b4f6-8059503b2cdc
53	2023-11-19 04:27:37.922321+00	3c09b90f-0052-4d2a-8d09-0f4e4c09a8de	zolfaghari.amir@fankamgroup.com	1	[{"added": {}}]	6	05e2bb76-fa71-4de1-b4f6-8059503b2cdc
54	2023-11-19 04:28:06.405887+00	3c09b90f-0052-4d2a-8d09-0f4e4c09a8de	zolfaghari.amir@fankamgroup.com	2	[{"changed": {"fields": ["Date joined"]}}]	6	05e2bb76-fa71-4de1-b4f6-8059503b2cdc
55	2023-11-19 04:31:18.094741+00	1b3ae776-374d-42d7-abb0-5b1a6a1d0e82	delshaad.elham@gmail.com	1	[{"added": {}}]	6	05e2bb76-fa71-4de1-b4f6-8059503b2cdc
56	2023-11-19 04:31:51.186238+00	1b3ae776-374d-42d7-abb0-5b1a6a1d0e82	delshaad.elham@gmail.com	2	[{"changed": {"fields": ["Date joined"]}}]	6	05e2bb76-fa71-4de1-b4f6-8059503b2cdc
57	2023-11-19 04:35:14.293022+00	10a55061-d3f1-4d47-bb5c-138070d39a5d	behzadiman@yahoo.com	1	[{"added": {}}]	6	05e2bb76-fa71-4de1-b4f6-8059503b2cdc
58	2023-11-19 04:35:45.765549+00	10a55061-d3f1-4d47-bb5c-138070d39a5d	behzadiman@yahoo.com	2	[{"changed": {"fields": ["Date joined"]}}]	6	05e2bb76-fa71-4de1-b4f6-8059503b2cdc
59	2023-11-19 04:39:50.338488+00	0fba981f-8019-4496-ad9b-5ce31fbf9d6e	danialzgh@gmail.com	1	[{"added": {}}]	6	05e2bb76-fa71-4de1-b4f6-8059503b2cdc
60	2023-11-19 04:40:20.368058+00	0fba981f-8019-4496-ad9b-5ce31fbf9d6e	danialzgh@gmail.com	2	[{"changed": {"fields": ["Date joined"]}}]	6	05e2bb76-fa71-4de1-b4f6-8059503b2cdc
61	2023-11-19 04:45:10.751096+00	0741fc2e-bbef-4a57-9154-98a1799e7990	zhrasolgi625@yahoo.com	1	[{"added": {}}]	6	05e2bb76-fa71-4de1-b4f6-8059503b2cdc
62	2023-11-19 04:46:18.846479+00	0741fc2e-bbef-4a57-9154-98a1799e7990	zhrasolgi625@yahoo.com	2	[{"changed": {"fields": ["Date joined"]}}]	6	05e2bb76-fa71-4de1-b4f6-8059503b2cdc
63	2023-11-19 04:50:28.336394+00	0221f4eb-fc25-4f10-ba92-b4bd79b71b08	omidshahmorady@gmail.com	1	[{"added": {}}]	6	05e2bb76-fa71-4de1-b4f6-8059503b2cdc
64	2023-11-19 04:51:00.371537+00	0221f4eb-fc25-4f10-ba92-b4bd79b71b08	omidshahmorady@gmail.com	2	[{"changed": {"fields": ["Date joined"]}}]	6	05e2bb76-fa71-4de1-b4f6-8059503b2cdc
65	2023-12-18 07:13:55.614695+00	7510b125-666a-4b7c-8f62-8bd6b5a3b9a8	TLqrSUfjafaxwPeN8Mc1vv2cudpFSQnsEC	1	[{"added": {}}]	12	05e2bb76-fa71-4de1-b4f6-8059503b2cdc
66	2023-12-18 08:25:43.031866+00	6e84ec24-5099-47e2-95cf-0a02fb5d9fb0	TYxWvcpWzTGQNwRE7qrdTAPuDewoupeaPB	1	[{"added": {}}]	12	05e2bb76-fa71-4de1-b4f6-8059503b2cdc
67	2023-12-18 08:26:32.527609+00	1d9756d8-1fb3-41b6-afae-b5dbb7c4c910	TVQwL4pPEXsbojkW81EMZanjy6AtH6NhRV	1	[{"added": {}}]	12	05e2bb76-fa71-4de1-b4f6-8059503b2cdc
68	2023-12-18 08:26:58.282315+00	27de18ea-79e7-4e32-831d-3e8365860da2	TRH6hz3rqvH7YohVZdXQuz52Nv365NDEau	1	[{"added": {}}]	12	05e2bb76-fa71-4de1-b4f6-8059503b2cdc
69	2023-12-18 08:27:46.597231+00	ad5da4e0-9257-4801-898c-d92ee7259eaf	TGbMLsD78sBgZjCQBLGzFVK9YZznJWeMR5	1	[{"added": {}}]	12	05e2bb76-fa71-4de1-b4f6-8059503b2cdc
70	2023-12-18 08:28:16.165829+00	c840b75c-bb5d-487f-9a09-bd42464ad99c	TTKr3gbTRRMSPxhmGmUKgKNW3TsChtCwqV	1	[{"added": {}}]	12	05e2bb76-fa71-4de1-b4f6-8059503b2cdc
71	2023-12-18 08:30:50.259003+00	a86257ef-548f-44de-a4b9-897a55c4374b	TUZav5DqLvGvm7dhynpVPiCwD4WH7hkLHY	1	[{"added": {}}]	12	05e2bb76-fa71-4de1-b4f6-8059503b2cdc
72	2023-12-18 08:31:26.699757+00	91047933-147e-4733-887c-ae05184b2a61	TYL4cWpB14Le1HP1SdxfEh4f4D4PAhuqvy	1	[{"added": {}}]	12	05e2bb76-fa71-4de1-b4f6-8059503b2cdc
73	2023-12-18 08:32:11.42785+00	0d7c58f8-cfdd-4ef4-9c6c-543d02b333be	TLhLgg7s4TSLDAB7ijjNSViHSpemPbvRvV	1	[{"added": {}}]	12	05e2bb76-fa71-4de1-b4f6-8059503b2cdc
74	2023-12-18 08:33:04.414818+00	c9de2d6a-75f6-4ecb-8722-fdd590d0d965	TX9Unbi9ttuWfhs47CiNzRkpEYBxTjapo2	1	[{"added": {}}]	12	05e2bb76-fa71-4de1-b4f6-8059503b2cdc
75	2023-12-18 08:33:26.574308+00	2bc81570-42d1-4b30-953f-3617dd3af505	TB3eykjoXZbDfK8JB8Td7JWX4PK7EqTDRj	1	[{"added": {}}]	12	05e2bb76-fa71-4de1-b4f6-8059503b2cdc
76	2023-12-18 08:33:56.397632+00	2dfcec8e-d3b7-46ce-b178-61124430e1a7	TCzhSQQt6jnbtja7mKm4PWku4LDNxq18J7	1	[{"added": {}}]	12	05e2bb76-fa71-4de1-b4f6-8059503b2cdc
77	2023-12-18 08:34:22.372841+00	831ba788-60ed-4c29-8021-bfc25114a1fa	TKFUzcAzvDPbhn2joVuCDJq8V9X4hYE3S7	1	[{"added": {}}]	12	05e2bb76-fa71-4de1-b4f6-8059503b2cdc
78	2023-12-18 08:34:49.131407+00	5f18b4ae-682c-4a0b-b520-c4c62d53bdaa	TRWgUuu53fUg5VeXrGHmREvi9PqPGiCgi9	1	[{"added": {}}]	12	05e2bb76-fa71-4de1-b4f6-8059503b2cdc
79	2023-12-18 08:35:26.296168+00	8ac9094f-1518-4c4e-8e33-03f5cbf2cdda	TSZQfWEmeBXgypBgH5ZxkqkT8xRXv3v3eD	1	[{"added": {}}]	12	05e2bb76-fa71-4de1-b4f6-8059503b2cdc
80	2024-01-19 16:48:09.335517+00	98ee7642-812c-4255-924e-5d82a6d87c38	naghidara@gmail.com	1	[{"added": {}}]	6	05e2bb76-fa71-4de1-b4f6-8059503b2cdc
81	2024-01-19 16:54:48.845465+00	38d0e592-6b52-49d5-8f80-882e9705050a	TN5QRsMukSLWq4EsFw6JRRDS4Uq92wj4dC	1	[{"added": {}}]	12	05e2bb76-fa71-4de1-b4f6-8059503b2cdc
82	2024-01-23 10:06:05.653592+00	2988a4bc-f190-4e0b-a7e4-95f681235483	deposit with 1.0% interest 	1	[{"added": {}}]	9	05e2bb76-fa71-4de1-b4f6-8059503b2cdc
83	2024-01-28 09:20:51.591906+00	bb0fe7f0-37d4-40f9-be9b-b4792bec2bdc	card type: Business_Card | card level: Normal | charge amount: 200 USD	1	[{"added": {}}]	15	05e2bb76-fa71-4de1-b4f6-8059503b2cdc
84	2024-01-28 09:21:26.692253+00	57505583-3390-4be6-95b4-694a5061f7f5	card type: Business_Card | card level: Normal | charge amount: 200 USD	1	[{"added": {}}]	15	05e2bb76-fa71-4de1-b4f6-8059503b2cdc
85	2024-01-28 09:22:19.884584+00	e218ff9f-6689-418b-a042-a25c4fc59600	card type: Business_Card | card level: Normal | charge amount: 0 USD	1	[{"added": {}}]	15	05e2bb76-fa71-4de1-b4f6-8059503b2cdc
86	2024-01-29 07:50:42.634443+00	8d090a6e-9eed-4237-b64f-141e1f6513cc	drarashmohtashamian@gmail.com	1	[{"added": {}}]	6	05e2bb76-fa71-4de1-b4f6-8059503b2cdc
87	2024-01-30 10:34:06.048841+00	d6527835-4312-407e-a3c7-d316953aa2ff	card type: Business_Card | card level: Normal | charge amount: 0 USD	1	[{"added": {}}]	15	05e2bb76-fa71-4de1-b4f6-8059503b2cdc
88	2024-01-30 10:34:52.048469+00	cb1f581e-c430-4848-8084-25aa4b374a68	card type: Business_Card | card level: Normal | charge amount: 0 USD	1	[{"added": {}}]	15	05e2bb76-fa71-4de1-b4f6-8059503b2cdc
89	2024-02-04 18:47:31.55589+00	5c0b4978-ba9e-4d22-9d02-41e08cba8807	Card activation	2	[{"changed": {"fields": ["State"]}}]	14	05e2bb76-fa71-4de1-b4f6-8059503b2cdc
94	2024-02-10 18:19:00.528002+00	96fd7ed2-0ba6-46bf-a80a-5ad420a7edbd	TENNkBiPXk2u7wmgC46odkLSkTt3C5q1yP	1	[{"added": {}}]	12	05e2bb76-fa71-4de1-b4f6-8059503b2cdc
95	2024-02-13 11:37:45.349662+00	52c8e6e0-7a7c-491d-a52d-8c88a1e895b9	hehayo5515@tupanda.com	2	[{"changed": {"fields": ["Active"]}}]	6	05e2bb76-fa71-4de1-b4f6-8059503b2cdc
96	2024-02-22 21:50:49.822442+00	aa10dbd4-0615-4c32-a79d-0e247a338e87	Card Activation	2	[{"changed": {"fields": ["State"]}}]	14	05e2bb76-fa71-4de1-b4f6-8059503b2cdc
97	2024-03-13 06:32:56.904786+00	2988a4bc-f190-4e0b-a7e4-95f681235483	deposit with 1.0% interest 	2	[{"changed": {"fields": ["Amount"]}}]	9	05e2bb76-fa71-4de1-b4f6-8059503b2cdc
98	2024-04-13 08:12:58.738855+00	caf8b8ba-91de-4a7b-add8-948cedc401a5	ata.rajabi@gmail.com	2	[{"changed": {"fields": ["password"]}}]	6	05e2bb76-fa71-4de1-b4f6-8059503b2cdc
99	2024-04-13 08:15:08.698596+00	caf8b8ba-91de-4a7b-add8-948cedc401a5	ata.rajabi@gmail.com	2	[]	6	05e2bb76-fa71-4de1-b4f6-8059503b2cdc
100	2024-04-22 07:33:36.122753+00	603effea-b761-4b7b-a22d-94212a77f385	deposit with 0.0% interest 	1	[{"added": {}}]	9	05e2bb76-fa71-4de1-b4f6-8059503b2cdc
101	2024-04-22 07:34:36.54267+00	409b5a6e-baed-4595-8665-eea2b143627d	Withdraw Request in Cash	2	[{"changed": {"fields": ["State"]}}]	14	05e2bb76-fa71-4de1-b4f6-8059503b2cdc
102	2024-04-22 07:34:46.253293+00	55514623-7386-4e56-ae26-0f0a643fa4c5	Activation Card	2	[{"changed": {"fields": ["State"]}}]	14	05e2bb76-fa71-4de1-b4f6-8059503b2cdc
103	2024-06-30 12:45:30.541862+00	707c5d64-eeb4-4a15-a576-1010bae37785	hamedvisionebaba2@gmail.com	2	[{"changed": {"fields": ["Phone_is_verified", "Email_is_verified"]}}]	6	05e2bb76-fa71-4de1-b4f6-8059503b2cdc
\.


--
-- Data for Name: django_content_type; Type: TABLE DATA; Schema: public; Owner: mhmd
--

COPY public.django_content_type (id, app_label, model) FROM stdin;
1	admin	logentry
2	auth	permission
3	auth	group
4	contenttypes	contenttype
5	sessions	session
6	users	usermodel
7	users	sign
8	users	notification
9	markets	createdeposit
10	markets	loan
11	markets	wage
12	markets	wallets
13	markets	fiatdeposithistory
14	markets	support
15	markets	creditcard
16	markets	internaltransfers
17	markets	balances
18	markets	withdrawal
19	markets	deposithistory
20	markets	emailloan
21	markets	emailbalance
22	markets	blockfee
23	markets	feelimit
24	markets	intermediatewallet
25	token_blacklist	blacklistedtoken
26	token_blacklist	outstandingtoken
27	authtoken	token
28	authtoken	tokenproxy
\.


--
-- Data for Name: django_migrations; Type: TABLE DATA; Schema: public; Owner: mhmd
--

COPY public.django_migrations (id, app, name, applied) FROM stdin;
1	contenttypes	0001_initial	2023-11-18 08:42:49.67356+00
2	contenttypes	0002_remove_content_type_name	2023-11-18 08:42:49.680897+00
3	auth	0001_initial	2023-11-18 08:42:49.708594+00
4	auth	0002_alter_permission_name_max_length	2023-11-18 08:42:49.713889+00
5	auth	0003_alter_user_email_max_length	2023-11-18 08:42:49.719988+00
6	auth	0004_alter_user_username_opts	2023-11-18 08:42:49.727112+00
7	auth	0005_alter_user_last_login_null	2023-11-18 08:42:49.732704+00
8	auth	0006_require_contenttypes_0002	2023-11-18 08:42:49.734634+00
9	auth	0007_alter_validators_add_error_messages	2023-11-18 08:42:49.740309+00
10	auth	0008_alter_user_username_max_length	2023-11-18 08:42:49.745361+00
11	auth	0009_alter_user_last_name_max_length	2023-11-18 08:42:49.750071+00
12	auth	0010_alter_group_name_max_length	2023-11-18 08:42:49.755729+00
13	auth	0011_update_proxy_permissions	2023-11-18 08:42:49.760666+00
14	auth	0012_alter_user_first_name_max_length	2023-11-18 08:42:49.765503+00
15	users	0001_initial	2023-11-18 08:42:49.811551+00
16	users	0002_alter_usermodel_birthday	2023-11-18 08:42:49.812945+00
17	users	0003_alter_usermodel_birthday	2023-11-18 08:42:49.814171+00
18	users	0004_alter_usermodel_birthday	2023-11-18 08:42:49.815363+00
19	users	0005_alter_usermodel_birthday	2023-11-18 08:42:49.816533+00
20	users	0006_alter_usermodel_birthday	2023-11-18 08:42:49.817778+00
21	users	0007_alter_usermodel_birthday	2023-11-18 08:42:49.818984+00
22	users	0008_alter_usermodel_birthday	2023-11-18 08:42:49.820227+00
23	users	0009_alter_usermodel_birthday	2023-11-18 08:42:49.8215+00
24	users	0010_alter_usermodel_birthday	2023-11-18 08:42:49.822807+00
25	users	0011_alter_usermodel_birthday	2023-11-18 08:42:49.824177+00
26	users	0012_alter_usermodel_birthday	2023-11-18 08:42:49.825513+00
27	users	0013_alter_usermodel_birthday	2023-11-18 08:42:49.826842+00
28	users	0014_alter_usermodel_birthday	2023-11-18 08:42:49.828348+00
29	users	0015_alter_usermodel_birthday	2023-11-18 08:42:49.830318+00
30	users	0016_alter_usermodel_birthday	2023-11-18 08:42:49.83169+00
31	users	0017_alter_usermodel_birthday	2023-11-18 08:42:49.832946+00
32	users	0018_alter_usermodel_birthday	2023-11-18 08:42:49.8341+00
33	users	0019_alter_usermodel_birthday	2023-11-18 08:42:49.835283+00
34	users	0020_alter_usermodel_birthday	2023-11-18 08:42:49.83642+00
35	users	0021_alter_usermodel_birthday	2023-11-18 08:42:49.83756+00
36	users	0022_alter_usermodel_birthday	2023-11-18 08:42:49.838734+00
37	users	0023_alter_usermodel_birthday	2023-11-18 08:42:49.839956+00
38	users	0024_alter_usermodel_birthday	2023-11-18 08:42:49.841157+00
39	users	0025_alter_usermodel_birthday	2023-11-18 08:42:49.842357+00
40	users	0026_alter_usermodel_birthday	2023-11-18 08:42:49.843642+00
41	users	0027_alter_usermodel_birthday	2023-11-18 08:42:49.844812+00
42	users	0028_alter_usermodel_birthday	2023-11-18 08:42:49.845985+00
43	users	0029_alter_usermodel_birthday	2023-11-18 08:42:49.847191+00
44	users	0030_alter_usermodel_birthday	2023-11-18 08:42:49.848398+00
45	admin	0001_initial	2023-11-18 08:42:49.864024+00
46	admin	0002_logentry_remove_auto_add	2023-11-18 08:42:49.872133+00
47	admin	0003_logentry_add_action_flag_choices	2023-11-18 08:42:49.880845+00
48	authtoken	0001_initial	2023-11-18 08:42:49.894094+00
49	authtoken	0002_auto_20160226_1747	2023-11-18 08:42:49.922699+00
50	authtoken	0003_tokenproxy	2023-11-18 08:42:49.925622+00
51	markets	0001_initial	2023-11-18 08:42:49.942548+00
52	markets	0002_initial	2023-11-18 08:42:49.976336+00
53	markets	0003_alter_createdeposit_user	2023-11-18 08:42:49.996352+00
54	markets	0004_alter_createdeposit_interest	2023-11-18 08:42:50.011358+00
55	markets	0005_fiatdeposithistory	2023-11-18 08:42:50.028519+00
56	markets	0006_support	2023-11-18 08:42:50.104483+00
57	markets	0007_creditcard	2023-11-18 08:42:50.123206+00
58	markets	0008_internaltransfers	2023-11-18 08:42:50.141805+00
59	markets	0009_balances_internaltransfers_behalf_and_more	2023-11-18 08:42:50.206076+00
60	markets	0010_rename_to_user_balances_user_and_more	2023-11-18 08:42:50.286435+00
61	markets	0011_wallets_public_key	2023-11-18 08:42:50.308539+00
62	markets	0012_wallets_network	2023-11-18 08:42:50.326941+00
63	markets	0013_alter_createdeposit_state	2023-11-18 08:42:50.34321+00
64	markets	0014_deposithistory_emailloan_wage_deposit_wage_and_more	2023-11-18 08:42:50.387755+00
65	markets	0015_deposithistory_wage	2023-11-18 08:42:50.39287+00
66	markets	0016_internaltransfers_wage_withdrawal_wage	2023-11-18 08:42:50.424886+00
67	markets	0017_wallets_is_active_wallets_tx_id_activation	2023-11-18 08:42:50.457159+00
68	markets	0018_remove_wallets_is_active	2023-11-18 08:42:50.474175+00
69	markets	0019_blockfee	2023-11-18 08:42:50.495721+00
70	markets	0020_blockfee_reason_content_type_and_more	2023-11-18 08:42:50.582745+00
71	markets	0021_alter_loan_loan_amount	2023-11-18 08:42:50.602351+00
72	markets	0022_alter_loan_installment	2023-11-18 08:42:50.621867+00
73	markets	0023_feelimit_intermediatewallet_and_more	2023-11-18 08:42:50.63851+00
74	markets	0024_remove_wallets_private_key_remove_wallets_public_key_and_more	2023-11-18 08:42:50.785486+00
75	markets	0025_alter_wallets_tx_id_activation_alter_wallets_user	2023-11-18 08:42:50.816166+00
76	sessions	0001_initial	2023-11-18 08:42:50.824626+00
77	token_blacklist	0001_initial	2023-11-18 08:42:50.867962+00
78	token_blacklist	0002_outstandingtoken_jti_hex	2023-11-18 08:42:50.885299+00
79	token_blacklist	0003_auto_20171017_2007	2023-11-18 08:42:50.90643+00
80	token_blacklist	0004_auto_20171017_2013	2023-11-18 08:42:50.927079+00
81	token_blacklist	0005_remove_outstandingtoken_jti	2023-11-18 08:42:50.943782+00
82	token_blacklist	0006_auto_20171017_2113	2023-11-18 08:42:50.960579+00
83	token_blacklist	0007_auto_20171017_2214	2023-11-18 08:42:50.997567+00
84	token_blacklist	0008_migrate_to_bigautofield	2023-11-18 08:42:51.039967+00
85	token_blacklist	0010_fix_migrate_to_bigautofield	2023-11-18 08:42:51.063736+00
86	token_blacklist	0011_linearizes_history	2023-11-18 08:42:51.066337+00
87	token_blacklist	0012_alter_outstandingtoken_user	2023-11-18 08:42:51.084486+00
88	users	0031_alter_usermodel_birthday	2023-11-18 08:42:51.099642+00
89	users	0032_alter_usermodel_birthday	2023-11-18 08:42:51.116523+00
90	users	0033_alter_usermodel_birthday	2023-11-18 08:42:51.132666+00
91	users	0034_alter_usermodel_birthday	2023-11-18 08:42:51.14962+00
92	users	0001_squashed_0030_alter_usermodel_birthday	2023-11-18 08:42:51.153941+00
93	cards	0001_initial	2024-01-08 13:22:47.118108+00
94	cards	0002_daroocard_reason_of_block	2024-01-08 13:22:47.130526+00
95	cards	0003_alter_daroocard_active_sms_alter_daroocard_blocked	2024-01-08 13:22:47.162259+00
96	cards	0004_cardtypes	2024-01-08 13:22:47.16828+00
97	cards	0005_alter_cardtypes_per_month_alter_cardtypes_per_year	2024-01-08 13:22:47.178245+00
98	cards	0006_alter_cardtypes_per_month_alter_cardtypes_per_year	2024-01-08 13:22:47.187562+00
99	cards	0007_daroocard_tracking_code	2024-01-08 13:22:47.197298+00
100	cards	0008_alter_daroocard_card_type	2024-01-08 13:22:47.206284+00
101	cards	0009_daroocard_state_alter_daroocard_card_type	2024-01-08 13:22:47.232491+00
102	cards	0010_alter_daroocard_issueــdate	2024-01-08 13:22:47.243929+00
103	cards	0011_alter_daroocard_expiration_date	2024-01-08 13:22:47.253699+00
104	cards	0012_remove_daroocard_state	2024-01-08 13:22:47.263695+00
105	cards	0013_alter_daroocard_expiration_date_and_more	2024-01-08 13:22:47.282651+00
106	cards	0014_alter_daroocard_expiration_date_and_more	2024-01-08 13:22:47.300182+00
107	vizits	0001_initial	2024-01-08 13:22:47.317263+00
108	vizits	0002_services	2024-01-08 13:22:47.335196+00
109	vizits	0003_alter_services_service	2024-01-08 13:22:47.348705+00
110	vizits	0004_alter_services_service_and_more	2024-01-08 13:22:47.380338+00
111	vizits	0005_vizits_service	2024-01-08 13:22:47.40588+00
112	vizits	0006_vizits_tracking_code	2024-01-08 13:22:47.416708+00
113	ipg	0001_initial	2024-01-08 13:22:47.440508+00
114	ipg	0002_alter_ipg_wage	2024-01-08 13:22:47.459921+00
115	ipg	0003_ipg_card_ipg_description_ipg_type_of_deposit	2024-01-08 13:22:47.497908+00
116	ipg	0004_ipg_card_type	2024-01-08 13:22:47.514945+00
117	ipg	0005_alter_ipg_status	2024-01-08 13:22:47.527637+00
118	ipg	0006_alter_ipg_status	2024-01-08 13:22:47.540775+00
119	ipg	0007_ipg_purchaseinfo	2024-01-08 13:22:47.553675+00
120	ipg	0008_alter_ipg_cellnumber_alter_ipg_from_and_more	2024-01-08 13:22:47.841358+00
121	ipg	0009_ipg_vizit	2024-01-08 13:22:47.860213+00
122	ipg	0010_remove_ipg_vizit	2024-01-08 13:22:47.877398+00
123	ipg	0011_ipg_vizit	2024-01-08 13:22:47.895588+00
124	ipg	0012_ipg_tracking_code	2024-01-08 13:22:47.908082+00
125	ipg	0013_alter_ipg_tracking_code	2024-01-08 13:22:47.920213+00
126	loans	0001_initial	2024-01-08 13:22:47.93993+00
127	loans	0002_adminloan	2024-01-08 13:22:47.944864+00
128	loans	0003_alter_adminloan_interest_alter_adminloan_installment_and_more	2024-01-08 13:22:47.960762+00
129	loans	0004_textloan_adminloan_logo	2024-01-08 13:22:47.968658+00
130	loans	0005_alter_adminloan_logo	2024-01-08 13:22:47.972045+00
131	loans	0006_loan_tracking_code	2024-01-08 13:22:47.9848+00
132	loans	0007_alter_loan_loan_type	2024-01-08 13:22:47.997534+00
133	loans	0008_alter_adminloan_loan_type	2024-01-08 13:22:48.001178+00
134	managements	0001_initial	2024-01-08 13:22:48.023288+00
135	managements	0002_rules	2024-01-08 13:22:48.028635+00
136	managements	0003_mablaghsms	2024-01-08 13:22:48.032767+00
137	managements	0004_alter_adminrequests_request_type	2024-01-08 13:22:48.038032+00
138	managements	0005_alter_adminrequests_request_type	2024-01-08 13:22:48.042885+00
139	tickets	0001_initial	2024-01-08 13:22:48.063801+00
140	tracks	0001_initial	2024-01-08 13:22:48.067704+00
141	users	0002_alter_centerprofile_center_code_and_more	2024-01-08 13:22:48.095189+00
\.


--
-- Data for Name: django_session; Type: TABLE DATA; Schema: public; Owner: mhmd
--

COPY public.django_session (session_key, session_data, expire_date) FROM stdin;
032k2e07kp8xeizvc4al1lca5qqelq8a	.eJxVzMsOwiAQheF3YS0EWoYBl937DM0MDLZq2qSXlfHdTZMudH3-77xVT_s29PsqSz8WdVUWpGHGoCuh076I0-xr0NFCAttyk0tWl1_GlJ8yHbY8aLrPJs_TtoxsjsSc62puc5FXd7Z_BwOtw6E9xlgop4RkQ0RMyULLCCFmxJycZ8BYpYqvwkXASQtUoyQm4erV5wsF50IH:1r4GwP:1ziEqVV5N93XaLegmEWWAFjv4hJytQWaEu7d6ojEsLo	2023-12-02 08:44:37.636599+00
4k8bzniuov44e0o3jd60wo2dxu47dj64	.eJxVzMsOwiAQheF3YS0EWoYBl937DM0MDLZq2qSXlfHdTZMudH3-77xVT_s29PsqSz8WdVUWpGHGoCuh076I0-xr0NFCAttyk0tWl1_GlJ8yHbY8aLrPJs_TtoxsjsSc62puc5FXd7Z_BwOtw6E9xlgop4RkQ0RMyULLCCFmxJycZ8BYpYqvwkXASQtUoyQm4erV5wsF50IH:1r4YhB:saTX1o95PlaJvLiqy2-TVIillTU4c2jDOcbja33T8ZU	2023-12-03 03:42:05.081259+00
z07sudk7qpy7qhf8htng1ob6c61j4rxp	.eJxVzMsOwiAQheF3YS0EWoYBl937DM0MDLZq2qSXlfHdTZMudH3-77xVT_s29PsqSz8WdVUWpGHGoCuh076I0-xr0NFCAttyk0tWl1_GlJ8yHbY8aLrPJs_TtoxsjsSc62puc5FXd7Z_BwOtw6E9xlgop4RkQ0RMyULLCCFmxJycZ8BYpYqvwkXASQtUoyQm4erV5wsF50IH:1r7ueU:02ZcJdXdsj_kAbiRGxKQh6al4hpIW0AWc2Jrv8tiMpU	2023-12-12 09:45:10.625907+00
ucbt2pt91ay832qoi4jfoyji0i2znuwl	.eJxVzMsOwiAQheF3YS0EWoYBl937DM0MDLZq2qSXlfHdTZMudH3-77xVT_s29PsqSz8WdVUWpGHGoCuh076I0-xr0NFCAttyk0tWl1_GlJ8yHbY8aLrPJs_TtoxsjsSc62puc5FXd7Z_BwOtw6E9xlgop4RkQ0RMyULLCCFmxJycZ8BYpYqvwkXASQtUoyQm4erV5wsF50IH:1rCynW:eThZwMxuGIvK5aR3Sy_HdwXu1MzlRochy5DiXgk7QTE	2023-12-26 09:11:26.8582+00
76swuidy1n1qfn5yar3vp5xwdhxfdv4u	.eJxVzMsOwiAQheF3YS0EWoYBl937DM0MDLZq2qSXlfHdTZMudH3-77xVT_s29PsqSz8WdVUWpGHGoCuh076I0-xr0NFCAttyk0tWl1_GlJ8yHbY8aLrPJs_TtoxsjsSc62puc5FXd7Z_BwOtw6E9xlgop4RkQ0RMyULLCCFmxJycZ8BYpYqvwkXASQtUoyQm4erV5wsF50IH:1rFdEE:6tls7wPgWdx_aKmQLQSWB08G9auStBZl5SW3_B4EcgE	2024-01-02 16:45:58.08422+00
z056l0hxc25f4gqfl78ym1cqnn4zg6hz	.eJxVzMsOwiAQheF3YS0EWoYBl937DM0MDLZq2qSXlfHdTZMudH3-77xVT_s29PsqSz8WdVUWpGHGoCuh076I0-xr0NFCAttyk0tWl1_GlJ8yHbY8aLrPJs_TtoxsjsSc62puc5FXd7Z_BwOtw6E9xlgop4RkQ0RMyULLCCFmxJycZ8BYpYqvwkXASQtUoyQm4erV5wsF50IH:1rMjHg:PDylr2JkiHxJm7vcCZxlhZXcJoZAC2PqrSw4gqumubE	2024-01-22 06:38:52.162062+00
0h6aygexk15gaacoi2vc414dgfbroj77	.eJxVzMsOwiAQheF3YS0EWoYBl937DM0MDLZq2qSXlfHdTZMudH3-77xVT_s29PsqSz8WdVUWpGHGoCuh076I0-xr0NFCAttyk0tWl1_GlJ8yHbY8aLrPJs_TtoxsjsSc62puc5FXd7Z_BwOtw6E9xlgop4RkQ0RMyULLCCFmxJycZ8BYpYqvwkXASQtUoyQm4erV5wsF50IH:1rMv1h:UAv25c2DmndueODlRauaRxwyFEQ04XU26x9Q-ym3t-I	2024-01-22 19:11:09.469735+00
2r3c5m2sdjphvv1bbxvpibqgu7a9wyeb	.eJxVzMsOwiAQheF3YS0EWoYBl937DM0MDLZq2qSXlfHdTZMudH3-77xVT_s29PsqSz8WdVUWpGHGoCuh076I0-xr0NFCAttyk0tWl1_GlJ8yHbY8aLrPJs_TtoxsjsSc62puc5FXd7Z_BwOtw6E9xlgop4RkQ0RMyULLCCFmxJycZ8BYpYqvwkXASQtUoyQm4erV5wsF50IH:1rQrrH:8WLQQsMuVgyXyxPMojBPKPC28Lym6pjuSz9w3VJrSkA	2024-02-02 16:36:43.162918+00
yso91ki29sgdkr5vg03nm8di3bukto1k	.eJxVzMsOwiAQheF3YW0JMEDBpXufoRlmBls1bdLLyvju2qQLXZ__Oy_V4bb23bbI3A2szgpzAG-IGlPZNh4DNMlIaoBA0Ag4rqROv6wgPWTcLd9xvE2apnGdh6L3RB_roq8Ty_NytH8HPS79V5e2SgUicRQIPdlMiFCjD2ALu4yObG0NxhJTipS4enaeCiBYzDGp9wdcfUJ5:1rYUo4:VbS7GJf9n9oOm70XPAJy0N_7t-RKDKFjUggFoT6fVFg	2024-02-23 17:36:56.767079+00
wzr0k25g5fwcnyayhm3x35dbeumjwply	.eJxVjTkOwjAQRe_imlh2xkugpOcM0SweEkCJlKVC3J1ESgH1f-_9t2lxXbp2ncvU9mIuxsVSE-VUKWZfBSm-oqCpalw8RwdUs7A5_WqE_CzD7soDh_toeRyWqSe7I_ZYZ3sbpbyuB_sX6HDuNjuU7ScSpOCcMqeQIBCLnpG80-A85OAkJ8UIWgukyKUoMIAgZ2zM5wsPfUG-:1rZr02:VxCpfK8eeG1zAhs7aOp0ANBGmIIE5ydf_ZVt64JcRZY	2024-02-27 11:30:54.047417+00
2ay3mxkxvbtd56n5zj2z25x8nkhxyd2r	.eJxVjTkOwjAQRe_imlh2xkugpOcM0SweEkCJlKVC3J1ESgH1f-_9t2lxXbp2ncvU9mIuxsVSE-VUKWZfBSm-oqCpalw8RwdUs7A5_WqE_CzD7soDh_toeRyWqSe7I_ZYZ3sbpbyuB_sX6HDuNjuU7ScSpOCcMqeQIBCLnpG80-A85OAkJ8UIWgukyKUoMIAgZ2zM5wsPfUG-:1rdGwm:UMfijK0DzBgEl6Cnc0C8seOkI9r6IRoypqkI3L9Yd3s	2024-03-07 21:49:40.418999+00
bjmr2fboo32y94p7e8emeodx0cjtbl21	.eJxVjTkOwjAQRe_imlh2xkugpOcM0SweEkCJlKVC3J1ESgH1f-_9t2lxXbp2ncvU9mIuxsVSE-VUKWZfBSm-oqCpalw8RwdUs7A5_WqE_CzD7soDh_toeRyWqSe7I_ZYZ3sbpbyuB_sX6HDuNjuU7ScSpOCcMqeQIBCLnpG80-A85OAkJ8UIWgukyKUoMIAgZ2zM5wsPfUG-:1rvXli:y9IFy4uIk-TIuyxBvjM0qxcFUnoIu7IkADevud45tu0	2024-04-27 07:25:46.77614+00
3axaojrkwgymhrugffldfmtwwjk2c1rv	.eJxVjTkOwjAQRe_imlh2xkugpOcM0SweEkCJlKVC3J1ESgH1f-_9t2lxXbp2ncvU9mIuxsVSE-VUKWZfBSm-oqCpalw8RwdUs7A5_WqE_CzD7soDh_toeRyWqSe7I_ZYZ3sbpbyuB_sX6HDuNjuU7ScSpOCcMqeQIBCLnpG80-A85OAkJ8UIWgukyKUoMIAgZ2zM5wsPfUG-:1rvYVO:ZIK3mfUXFE12cbvcvJdyR5hloUOOxT2QL1ouhGk-MtM	2024-04-27 08:12:58.755824+00
6elm985sye4wg5c6owwn4nnw7nbvzf88	.eJxVjTkOwjAQRe_imlh2xkugpOcM0SweEkCJlKVC3J1ESgH1f-_9t2lxXbp2ncvU9mIuxsVSE-VUKWZfBSm-oqCpalw8RwdUs7A5_WqE_CzD7soDh_toeRyWqSe7I_ZYZ3sbpbyuB_sX6HDuNjuU7ScSpOCcMqeQIBCLnpG80-A85OAkJ8UIWgukyKUoMIAgZ2zM5wsPfUG-:1rx6Gu:Av4BVnyfWa2NSdzXQCu4dmrcJ-ylzhOVmRIGSIqcsQo	2024-05-01 14:28:24.446111+00
6mg0qf28go53sr35af9m1ey6b8024hwk	.eJxVjTkOwjAQRe_imlh2xkugpOcM0SweEkCJlKVC3J1ESgH1f-_9t2lxXbp2ncvU9mIuxsVSE-VUKWZfBSm-oqCpalw8RwdUs7A5_WqE_CzD7soDh_toeRyWqSe7I_ZYZ3sbpbyuB_sX6HDuNjuU7ScSpOCcMqeQIBCLnpG80-A85OAkJ8UIWgukyKUoMIAgZ2zM5wsPfUG-:1s62As:Wl14k1nvds3D_wM6MekI9fLCL1kfrF472M6FkZ586Y4	2024-05-26 05:55:06.154515+00
1g4weermsvbf7fcrz3aflwosgj9n3swr	.eJxVjTkOwjAQRe_imlh2xkugpOcM0SweEkCJlKVC3J1ESgH1f-_9t2lxXbp2ncvU9mIuxsVSE-VUKWZfBSm-oqCpalw8RwdUs7A5_WqE_CzD7soDh_toeRyWqSe7I_ZYZ3sbpbyuB_sX6HDuNjuU7ScSpOCcMqeQIBCLnpG80-A85OAkJ8UIWgukyKUoMIAgZ2zM5wsPfUG-:1s79o0:W2MUwv9FgjxDEblaR_eVpdUqJrksqyhSLpvFFgEf1CU	2024-05-29 08:16:08.751283+00
uquilrx6qyxrc0mr4ybzcgtw62wrplhr	.eJxVjTkOwjAQRe_imlh2xkugpOcM0SweEkCJlKVC3J1ESgH1f-_9t2lxXbp2ncvU9mIuxsVSE-VUKWZfBSm-oqCpalw8RwdUs7A5_WqE_CzD7soDh_toeRyWqSe7I_ZYZ3sbpbyuB_sX6HDuNjuU7ScSpOCcMqeQIBCLnpG80-A85OAkJ8UIWgukyKUoMIAgZ2zM5wsPfUG-:1sBtna:HWL1SCBofN8xcnxX67bkNga7n-MwBL_xs5Ph2cVLN8c	2024-06-11 10:11:18.60343+00
viskxw3xhuogz7j0oaga1f0zsu490tgo	.eJxVjTkOwjAQRe_imlh2xkugpOcM0SweEkCJlKVC3J1ESgH1f-_9t2lxXbp2ncvU9mIuxsVSE-VUKWZfBSm-oqCpalw8RwdUs7A5_WqE_CzD7soDh_toeRyWqSe7I_ZYZ3sbpbyuB_sX6HDuNjuU7ScSpOCcMqeQIBCLnpG80-A85OAkJ8UIWgukyKUoMIAgZ2zM5wsPfUG-:1sJSN6:ZzDmxUmdWwnJ2RpgMgtrqBCT2gHVxQXHvmhTkoBmzd0	2024-07-02 06:31:12.002302+00
hbuiop310l8ry2m8ae1p5rj0fem8cu8f	.eJxVjTkOwjAQRe_imlh2xkugpOcM0SweEkCJlKVC3J1ESgH1f-_9t2lxXbp2ncvU9mIuxsVSE-VUKWZfBSm-oqCpalw8RwdUs7A5_WqE_CzD7soDh_toeRyWqSe7I_ZYZ3sbpbyuB_sX6HDuNjuU7ScSpOCcMqeQIBCLnpG80-A85OAkJ8UIWgukyKUoMIAgZ2zM5wsPfUG-:1sKusx:OKEsyZhIRERmXhu2VTR1ZKKjzzYMmy2OBIvYPcomyWs	2024-07-06 07:10:07.415831+00
zx9gkpl4f3hx9jhmv9dkv0c63uqqvaw9	.eJxVjTkOwjAQRe_imlh2xkugpOcM0SweEkCJlKVC3J1ESgH1f-_9t2lxXbp2ncvU9mIuxsVSE-VUKWZfBSm-oqCpalw8RwdUs7A5_WqE_CzD7soDh_toeRyWqSe7I_ZYZ3sbpbyuB_sX6HDuNjuU7ScSpOCcMqeQIBCLnpG80-A85OAkJ8UIWgukyKUoMIAgZ2zM5wsPfUG-:1sLGwO:-fU6tQ4It0vlg94M45G5GP0S6MblpqSwSxED2q9anLQ	2024-07-07 06:43:08.141916+00
rcvh8geizzjdfaer6dnh8w1j026bbw1f	.eJxVjTkOwjAQRe_imlh2xkugpOcM0SweEkCJlKVC3J1ESgH1f-_9t2lxXbp2ncvU9mIuxsVSE-VUKWZfBSm-oqCpalw8RwdUs7A5_WqE_CzD7soDh_toeRyWqSe7I_ZYZ3sbpbyuB_sX6HDuNjuU7ScSpOCcMqeQIBCLnpG80-A85OAkJ8UIWgukyKUoMIAgZ2zM5wsPfUG-:1sNraE:VXBsPNaG6kh0Q5FGOLKAyz7lMnSdFxejNInhFQ7_AbI	2024-07-14 10:14:58.804385+00
jc2bi228hl7t7fz1h7w0hptl3o25omwh	.eJxVjTkOwjAQRe_imlh2xkugpOcM0SweEkCJlKVC3J1ESgH1f-_9t2lxXbp2ncvU9mIuxsVSE-VUKWZfBSm-oqCpalw8RwdUs7A5_WqE_CzD7soDh_toeRyWqSe7I_ZYZ3sbpbyuB_sX6HDuNjuU7ScSpOCcMqeQIBCLnpG80-A85OAkJ8UIWgukyKUoMIAgZ2zM5wsPfUG-:1sODqt:aplj3QXtos6dQPAxQzoyatGTBpzzHY_gsvCvORfl7-Q	2024-07-15 10:01:39.648041+00
\.


--
-- Data for Name: ipg_ipg; Type: TABLE DATA; Schema: public; Owner: mhmd
--

COPY public.ipg_ipg (id, updated_at, created_at, is_deleted, "From", "Amount", "Wage", "ResNum", "CellNumber", "Token", "Status", "State", "errorCode", "errorDesc", "RRN", "MID", "RefNum", "TraceNo", "SecurePan", "HashedCardNumber", "ResultCode", "ResultDescription", "Success", "MaskedPan", "HashedPan", "TerminalNumber", "OrginalAmount", "AffectiveAmount", "StraceDate", "StraceNo", "To_id", card_id, description, type_of_deposit, card_type_id, "PurchaseInfo", vizit_id, tracking_code) FROM stdin;
\.


--
-- Data for Name: loans_adminloan; Type: TABLE DATA; Schema: public; Owner: mhmd
--

COPY public.loans_adminloan (id, updated_at, created_at, is_deleted, loan_type, limitation, "Interest", installment, support, logo) FROM stdin;
\.


--
-- Data for Name: loans_loan; Type: TABLE DATA; Schema: public; Owner: mhmd
--

COPY public.loans_loan (id, updated_at, created_at, is_deleted, loan_type, loan_amount, payment_time, installment, description, amin_description, state, user_id, tracking_code) FROM stdin;
\.


--
-- Data for Name: loans_textloan; Type: TABLE DATA; Schema: public; Owner: mhmd
--

COPY public.loans_textloan (id, updated_at, created_at, is_deleted, content) FROM stdin;
\.


--
-- Data for Name: managements_adminrequests; Type: TABLE DATA; Schema: public; Owner: mhmd
--

COPY public.managements_adminrequests (id, updated_at, created_at, is_deleted, reason_object_id, request_type, reason_of_reject, status, reason_content_type_id) FROM stdin;
\.


--
-- Data for Name: managements_mablaghsms; Type: TABLE DATA; Schema: public; Owner: mhmd
--

COPY public.managements_mablaghsms (id, updated_at, created_at, is_deleted, mablagh) FROM stdin;
\.


--
-- Data for Name: managements_rules; Type: TABLE DATA; Schema: public; Owner: mhmd
--

COPY public.managements_rules (id, updated_at, created_at, is_deleted, content) FROM stdin;
\.


--
-- Data for Name: markets_balances; Type: TABLE DATA; Schema: public; Owner: mhmd
--

COPY public.markets_balances (id, updated_at, created_at, is_deleted, currency, amount, user_id) FROM stdin;
\.


--
-- Data for Name: markets_blockfee; Type: TABLE DATA; Schema: public; Owner: mhmd
--

COPY public.markets_blockfee (id, updated_at, created_at, is_deleted, currency, amount, status, user_id, reason_content_type_id, reason_object_id, tx_id) FROM stdin;
\.


--
-- Data for Name: markets_createdeposit; Type: TABLE DATA; Schema: public; Owner: mhmd
--

COPY public.markets_createdeposit (id, updated_at, created_at, is_deleted, currency, amount, deposit_time, interest, state, user_id) FROM stdin;
2988a4bc-f190-4e0b-a7e4-95f681235483	2024-03-13 06:32:56.896115+00	2024-01-23 10:06:05.64971+00	f	USD	4476.60	6	1	current	98ee7642-812c-4255-924e-5d82a6d87c38
603effea-b761-4b7b-a22d-94212a77f385	2024-04-22 07:33:36.118567+00	2024-04-22 07:33:36.118584+00	f	USD	500.00	36	0	current	caf8b8ba-91de-4a7b-add8-948cedc401a5
\.


--
-- Data for Name: markets_creditcard; Type: TABLE DATA; Schema: public; Owner: mhmd
--

COPY public.markets_creditcard (id, updated_at, created_at, is_deleted, card_type, card_level, currency, amount, state, user_id) FROM stdin;
bb0fe7f0-37d4-40f9-be9b-b4792bec2bdc	2024-01-28 09:20:51.588425+00	2024-01-28 09:20:51.588444+00	f	Business_Card	Normal	USD	200.00	Success	3f42df58-db8b-43fe-b425-28cd4c17249e
57505583-3390-4be6-95b4-694a5061f7f5	2024-01-28 09:21:26.691335+00	2024-01-28 09:21:26.691352+00	f	Business_Card	Normal	USD	200.00	Success	10a55061-d3f1-4d47-bb5c-138070d39a5d
e218ff9f-6689-418b-a042-a25c4fc59600	2024-01-28 09:22:19.883057+00	2024-01-28 09:22:19.883072+00	f	Business_Card	Normal	USD	0.00	Success	707c5d64-eeb4-4a15-a576-1010bae37785
d6527835-4312-407e-a3c7-d316953aa2ff	2024-01-30 10:34:06.046139+00	2024-01-30 10:34:06.046157+00	f	Business_Card	Normal	USD	0.00	Success	8d090a6e-9eed-4237-b64f-141e1f6513cc
cb1f581e-c430-4848-8084-25aa4b374a68	2024-01-30 10:34:52.047546+00	2024-01-30 10:34:52.04756+00	f	Business_Card	Normal	USD	0.00	Under_Review	98ee7642-812c-4255-924e-5d82a6d87c38
\.


--
-- Data for Name: markets_deposithistory; Type: TABLE DATA; Schema: public; Owner: mhmd
--

COPY public.markets_deposithistory (id, updated_at, created_at, is_deleted, to_address, value, tx_id, "time", email_is_sent, from_address, state) FROM stdin;
25a76911-6310-44e8-b518-10c512fe525b	2024-04-17 15:16:19.733477+00	2024-04-17 15:16:19.733507+00	f	TX9Unbi9ttuWfhs47CiNzRkpEYBxTjapo2	11005304	6d47aaf90dbe396a68ab2f034b50c55616bc41611fa9982fc9c01ba816f4afb9	1713366180000	f	TEDGswyWzn9aRJj7xHaWPpZfoHTHCEW3zF	Success
85d5e0b4-7f4b-4cba-a1be-cb9aed5b0467	2024-05-28 09:52:14.976091+00	2024-05-28 09:52:14.976114+00	f	TX9Unbi9ttuWfhs47CiNzRkpEYBxTjapo2	14123491	f327ecddd2f5d97d2639d1aede26ed6062f3b995ab5c03ccf12b09872705155a	1716889458000	f	TASGyZmtT8osEhXUoeBb1oJ7XBUEdmUWmj	Success
\.


--
-- Data for Name: markets_emailbalance; Type: TABLE DATA; Schema: public; Owner: mhmd
--

COPY public.markets_emailbalance (emailloan_ptr_id) FROM stdin;
\.


--
-- Data for Name: markets_emailloan; Type: TABLE DATA; Schema: public; Owner: mhmd
--

COPY public.markets_emailloan (id, updated_at, created_at, is_deleted, code, user_id) FROM stdin;
\.


--
-- Data for Name: markets_feelimit; Type: TABLE DATA; Schema: public; Owner: mhmd
--

COPY public.markets_feelimit (id, updated_at, created_at, is_deleted, fee_limtt) FROM stdin;
\.


--
-- Data for Name: markets_fiatdeposithistory; Type: TABLE DATA; Schema: public; Owner: mhmd
--

COPY public.markets_fiatdeposithistory (id, updated_at, created_at, is_deleted, currency, amount, deposit_id, status, user_id) FROM stdin;
\.


--
-- Data for Name: markets_intermediatewallet; Type: TABLE DATA; Schema: public; Owner: mhmd
--

COPY public.markets_intermediatewallet (id, updated_at, created_at, is_deleted, private_key, address) FROM stdin;
\.


--
-- Data for Name: markets_internaltransfers; Type: TABLE DATA; Schema: public; Owner: mhmd
--

COPY public.markets_internaltransfers (id, updated_at, created_at, is_deleted, currency, amount, from_user_id, to_user_id, behalf, description, destination_account_owner, wage) FROM stdin;
\.


--
-- Data for Name: markets_loan; Type: TABLE DATA; Schema: public; Owner: mhmd
--

COPY public.markets_loan (id, updated_at, created_at, is_deleted, currency, loan_amount, payment_time, installment, state, user_id) FROM stdin;
\.


--
-- Data for Name: markets_support; Type: TABLE DATA; Schema: public; Owner: mhmd
--

COPY public.markets_support (id, updated_at, created_at, is_deleted, subject, title, message, state, user_id) FROM stdin;
5c0b4978-ba9e-4d22-9d02-41e08cba8807	2024-02-04 18:47:31.554736+00	2024-02-04 12:46:53.110986+00	f	Last_Price	Card activation	d6527835-4312-407e-a3c7-d316953aa2ff	Success	8d090a6e-9eed-4237-b64f-141e1f6513cc
484848e1-41f9-4389-b7ad-a3fca85e8b62	2024-02-20 06:22:22.127707+00	2024-02-20 06:22:22.127726+00	f	Transfer	Withdraw Request - 2000$	I have a withdraw request of 2000$ (two thousand dollars) worth of USDT to this wallet:\r\n\r\nTXAhWUfaqpBgDu9ocUhzmaFzGTt8bqPUWp\r\n\r\nThe destination network is TRC-20 (Tron network)	Under_Review	98ee7642-812c-4255-924e-5d82a6d87c38
aa10dbd4-0615-4c32-a79d-0e247a338e87	2024-02-22 21:50:49.820046+00	2024-02-04 20:52:24.235971+00	f	Card	Card Activation	Please activate my card with this hash ID: cb1f581e-c430-4848-8084-25aa4b374a68	Success	98ee7642-812c-4255-924e-5d82a6d87c38
409b5a6e-baed-4595-8665-eea2b143627d	2024-04-22 07:34:36.54068+00	2024-03-09 13:31:03.593441+00	f	Transactions	Withdraw Request in Cash	Due to inactivation of the Visa-Card; I request and confirm the cash-out of 5000$ to receive in cash.\r\nDigital Signature: "82f5fb5df2674b50812bd39a8655d3c3"\r\nSincerely,\r\nNaghi Dara	Success	98ee7642-812c-4255-924e-5d82a6d87c38
55514623-7386-4e56-ae26-0f0a643fa4c5	2024-04-22 07:34:46.252032+00	2024-04-17 14:37:29.831182+00	f	Card	Activation Card	Please activated my card.\r\nThanks	Success	707c5d64-eeb4-4a15-a576-1010bae37785
c7be13d2-41f5-45f1-bbfc-ae14da81af64	2024-04-22 11:03:01.285636+00	2024-04-22 11:03:01.28566+00	f	Last_Price	Withdraw Request - 1000$	I request and confirm of getting a cash payment of 1000$ (One thousand American dollars).\r\nDigital Sign: 41cbf56edc1d422f9f261a8bbc4aa655\r\nSincerely,\r\nNaghi Dara	Under_Review	98ee7642-812c-4255-924e-5d82a6d87c38
54d894ab-07c2-46e7-8ed4-e0cba363bc5f	2024-04-29 10:08:42.892397+00	2024-04-29 10:08:42.892427+00	f	Last_Price	Withdraw Request - 1000$	I request and confirm of getting a cash payment of 1000$ (one thousand American dollars).\r\nDigital Sign: 5aae5d30a1474ab5a8b15e10ed1eb7d3\r\nSincerely,\r\nNaghi Dara	Under_Review	98ee7642-812c-4255-924e-5d82a6d87c38
e2ada405-9e10-49b9-8906-6941a367c460	2024-05-28 10:12:01.955418+00	2024-05-28 10:12:01.955444+00	f	Card	Certificate	Hi .,\r\nPlease send me all  company certificates	Under_Review	707c5d64-eeb4-4a15-a576-1010bae37785
a94ff16b-e3cd-4ae7-86e5-a1a9fad5cc56	2024-05-28 10:13:06.653377+00	2024-05-28 10:13:06.653398+00	f	Card	Certificate	Hi .,\r\nPlease send me all  company certificates	Under_Review	707c5d64-eeb4-4a15-a576-1010bae37785
\.


--
-- Data for Name: markets_wage; Type: TABLE DATA; Schema: public; Owner: mhmd
--

COPY public.markets_wage (id, updated_at, created_at, is_deleted, loan_wage, transfer_wage) FROM stdin;
\.


--
-- Data for Name: markets_wallets; Type: TABLE DATA; Schema: public; Owner: mhmd
--

COPY public.markets_wallets (id, updated_at, created_at, is_deleted, address, user_id, network, tx_id_activation) FROM stdin;
7510b125-666a-4b7c-8f62-8bd6b5a3b9a8	2023-12-18 07:13:55.611798+00	2023-12-18 07:13:55.611816+00	f	TLqrSUfjafaxwPeN8Mc1vv2cudpFSQnsEC	0221f4eb-fc25-4f10-ba92-b4bd79b71b08	TRC20	\N
6e84ec24-5099-47e2-95cf-0a02fb5d9fb0	2023-12-18 08:25:43.031236+00	2023-12-18 08:25:43.031253+00	f	TYxWvcpWzTGQNwRE7qrdTAPuDewoupeaPB	6838cb4e-5096-48bf-a438-2f8ce5ab78a4	TRC20	\N
1d9756d8-1fb3-41b6-afae-b5dbb7c4c910	2023-12-18 08:26:32.52698+00	2023-12-18 08:26:32.526997+00	f	TVQwL4pPEXsbojkW81EMZanjy6AtH6NhRV	3f42df58-db8b-43fe-b425-28cd4c17249e	TRC20	\N
27de18ea-79e7-4e32-831d-3e8365860da2	2023-12-18 08:26:58.281206+00	2023-12-18 08:26:58.281219+00	f	TRH6hz3rqvH7YohVZdXQuz52Nv365NDEau	f8015edf-ea74-41b8-ac76-5476e2421567	TRC20	\N
ad5da4e0-9257-4801-898c-d92ee7259eaf	2023-12-18 08:27:46.596416+00	2023-12-18 08:27:46.596429+00	f	TGbMLsD78sBgZjCQBLGzFVK9YZznJWeMR5	cf4146da-0ada-4f5e-9ab4-005ebd13d137	TRC20	\N
c840b75c-bb5d-487f-9a09-bd42464ad99c	2023-12-18 08:28:16.165195+00	2023-12-18 08:28:16.165214+00	f	TTKr3gbTRRMSPxhmGmUKgKNW3TsChtCwqV	c6dfae7f-01a1-4d5f-b732-f6875575179c	TRC20	\N
a86257ef-548f-44de-a4b9-897a55c4374b	2023-12-18 08:30:50.258297+00	2023-12-18 08:30:50.258317+00	f	TUZav5DqLvGvm7dhynpVPiCwD4WH7hkLHY	b95349cf-4ca8-4538-a106-f8c2290c5087	TRC20	\N
91047933-147e-4733-887c-ae05184b2a61	2023-12-18 08:31:26.699083+00	2023-12-18 08:31:26.699101+00	f	TYL4cWpB14Le1HP1SdxfEh4f4D4PAhuqvy	b3f49530-ddee-4457-b861-02c9da8eba0c	TRC20	\N
0d7c58f8-cfdd-4ef4-9c6c-543d02b333be	2023-12-18 08:32:11.427147+00	2023-12-18 08:32:11.427167+00	f	TLhLgg7s4TSLDAB7ijjNSViHSpemPbvRvV	8bd97402-2c0a-4d97-a000-475b59167a1d	TRC20	\N
c9de2d6a-75f6-4ecb-8722-fdd590d0d965	2023-12-18 08:33:04.413827+00	2023-12-18 08:33:04.413845+00	f	TX9Unbi9ttuWfhs47CiNzRkpEYBxTjapo2	707c5d64-eeb4-4a15-a576-1010bae37785	TRC20	\N
2bc81570-42d1-4b30-953f-3617dd3af505	2023-12-18 08:33:26.573604+00	2023-12-18 08:33:26.573619+00	f	TB3eykjoXZbDfK8JB8Td7JWX4PK7EqTDRj	3c09b90f-0052-4d2a-8d09-0f4e4c09a8de	TRC20	\N
2dfcec8e-d3b7-46ce-b178-61124430e1a7	2023-12-18 08:33:56.396877+00	2023-12-18 08:33:56.396893+00	f	TCzhSQQt6jnbtja7mKm4PWku4LDNxq18J7	1b3ae776-374d-42d7-abb0-5b1a6a1d0e82	TRC20	\N
831ba788-60ed-4c29-8021-bfc25114a1fa	2023-12-18 08:34:22.371543+00	2023-12-18 08:34:22.37156+00	f	TKFUzcAzvDPbhn2joVuCDJq8V9X4hYE3S7	10a55061-d3f1-4d47-bb5c-138070d39a5d	TRC20	\N
5f18b4ae-682c-4a0b-b520-c4c62d53bdaa	2023-12-18 08:34:49.130365+00	2023-12-18 08:34:49.130383+00	f	TRWgUuu53fUg5VeXrGHmREvi9PqPGiCgi9	0fba981f-8019-4496-ad9b-5ce31fbf9d6e	TRC20	\N
8ac9094f-1518-4c4e-8e33-03f5cbf2cdda	2023-12-18 08:35:26.295173+00	2023-12-18 08:35:26.29519+00	f	TSZQfWEmeBXgypBgH5ZxkqkT8xRXv3v3eD	0741fc2e-bbef-4a57-9154-98a1799e7990	TRC20	\N
38d0e592-6b52-49d5-8f80-882e9705050a	2024-01-19 16:54:48.843821+00	2024-01-19 16:54:48.843837+00	f	TN5QRsMukSLWq4EsFw6JRRDS4Uq92wj4dC	98ee7642-812c-4255-924e-5d82a6d87c38	TRC20	\N
96fd7ed2-0ba6-46bf-a80a-5ad420a7edbd	2024-02-10 18:19:00.52687+00	2024-02-10 18:19:00.526891+00	f	TENNkBiPXk2u7wmgC46odkLSkTt3C5q1yP	8d090a6e-9eed-4237-b64f-141e1f6513cc	TRC20	\N
\.


--
-- Data for Name: markets_withdrawal; Type: TABLE DATA; Schema: public; Owner: mhmd
--

COPY public.markets_withdrawal (id, updated_at, created_at, is_deleted, currency, amount, tx_id, status, address, destination_account_owner, behalf, description, user_id, wage) FROM stdin;
\.


--
-- Data for Name: tickets_support; Type: TABLE DATA; Schema: public; Owner: mhmd
--

COPY public.tickets_support (id, updated_at, created_at, is_deleted, title, message, state, user_id) FROM stdin;
\.


--
-- Data for Name: token_blacklist_blacklistedtoken; Type: TABLE DATA; Schema: public; Owner: mhmd
--

COPY public.token_blacklist_blacklistedtoken (id, blacklisted_at, token_id) FROM stdin;
\.


--
-- Data for Name: token_blacklist_outstandingtoken; Type: TABLE DATA; Schema: public; Owner: mhmd
--

COPY public.token_blacklist_outstandingtoken (id, token, created_at, expires_at, user_id, jti) FROM stdin;
\.


--
-- Data for Name: tracks_trackingcode; Type: TABLE DATA; Schema: public; Owner: mhmd
--

COPY public.tracks_trackingcode (id, updated_at, created_at, is_deleted, tracking_code) FROM stdin;
\.


--
-- Data for Name: users_notification; Type: TABLE DATA; Schema: public; Owner: mhmd
--

COPY public.users_notification (id, updated_at, created_at, is_deleted, sms, email, deposit, deposit_and_withdraw, state, user_id) FROM stdin;
c5563eee-08e4-4026-979b-93dd394371f6	2024-01-29 16:11:16.43301+00	2024-01-29 16:11:16.433032+00	f	f	t	t	t	Under_Review	8d090a6e-9eed-4237-b64f-141e1f6513cc
\.


--
-- Data for Name: users_sign; Type: TABLE DATA; Schema: public; Owner: mhmd
--

COPY public.users_sign (id, updated_at, created_at, is_deleted, token, user_id) FROM stdin;
4386da50-41fa-42dd-a5f3-373324eadbc4	2024-06-15 15:20:54.696621+00	2024-04-17 14:29:57.739852+00	f	2c244933c5f74c899b84cb1067e4446a	707c5d64-eeb4-4a15-a576-1010bae37785
e33809cd-9164-4aa7-8fc7-a3dc21ee2b2a	2023-11-20 07:22:07.058476+00	2023-11-20 07:22:07.058496+00	f	e451955da3eb41bd9c833557bbe062fe	8bd97402-2c0a-4d97-a000-475b59167a1d
fc5b25a3-2f14-4481-98bc-a5369c8aa2d0	2023-11-20 07:23:10.893835+00	2023-11-20 07:23:10.893858+00	f	5db406c7bd0549129b7b522a934caa76	3f42df58-db8b-43fe-b425-28cd4c17249e
19eab2cc-0bae-469a-b609-bdd483bdc71d	2024-06-16 14:48:23.552495+00	2024-06-16 14:48:23.552518+00	f	2b8ae845d7fb458aa540cea472312d74	60317f49-f765-44a0-9323-f2840beb505b
4ceb1adc-a0af-423d-8e00-724ecb7b5e37	2024-06-19 21:12:33.00542+00	2024-06-16 14:48:03.106151+00	f	5f93ba09fb95462f8ac8bb286c8d5e10	ada20c7b-1e8c-440e-a177-2c4448843eeb
fd5a8715-8408-4679-8412-7e1c7f2398d6	2024-06-21 03:58:31.420599+00	2024-06-21 03:58:31.42063+00	f	1281bf69e7824468b6fb772e6509d82c	804566f2-64fd-4aa1-821d-b10272574460
44181526-15b0-48dd-af89-a1a7f0d1d1b6	2024-07-18 20:14:03.929083+00	2023-11-28 09:53:15.493137+00	f	70e09e565ff840aea304be0bb517b717	6838cb4e-5096-48bf-a438-2f8ce5ab78a4
3bef0a52-fbfa-432b-b67e-e87e303d6ed2	2024-08-11 19:33:13.383474+00	2024-01-19 16:49:37.86454+00	f	30c04c53ef444e1f8e0a80638eb91ce9	98ee7642-812c-4255-924e-5d82a6d87c38
e1e0e2fb-197c-4fea-97ae-00b05882f829	2024-08-19 17:17:27.938867+00	2024-05-14 08:48:24.029594+00	f	165a1f1d2bbf4715a05648caa9356a09	2452739c-9e37-4c48-a90a-ab220c914c43
5d98e84c-2b7c-441a-9020-ff4cbca13231	2024-09-02 13:34:35.425292+00	2024-03-09 19:30:44.339655+00	f	4eb51e6cf1024ab8997ffe04951c61a6	10a55061-d3f1-4d47-bb5c-138070d39a5d
2916d32a-70b5-4df9-b0ce-290790e8e101	2024-09-06 18:40:21.666225+00	2024-09-06 13:54:23.451557+00	f	d34975833db94afba27531167230d08e	ccac4e4f-c44d-4acc-9710-f48b77976c7a
1913fc7e-b500-4703-9561-28b48c067875	2024-09-06 18:50:43.438901+00	2024-09-06 18:50:43.43893+00	f	15b4bd5628354a76ab7401584103499d	fbeca442-b3b4-46dc-a68c-3a73e7bb396d
75c03d26-2805-4fb7-becf-a0f63c663ad9	2024-02-03 17:06:16.345442+00	2023-11-19 07:51:35.471296+00	f	27292d8dc6dc4ac69527b49ee351a90d	05e2bb76-fa71-4de1-b4f6-8059503b2cdc
a613eead-c994-4114-81af-a185a0bb2d74	2024-09-07 18:59:16.954671+00	2024-09-06 13:14:13.258964+00	f	ddd2dfe4c8094edcb13e14c722ddb5a2	cf4146da-0ada-4f5e-9ab4-005ebd13d137
48ea4c7f-84f4-4174-aa4e-802b8b800b3e	2024-09-17 21:20:49.962658+00	2024-09-17 20:50:06.644771+00	f	5e60d66022214ee2bae9595dec3bf9f8	df151d9e-338e-4590-9eb0-a05db400c2b1
7a485c87-05c2-4cf7-9ea9-eefb09729fe8	2024-09-22 00:12:02.788655+00	2024-09-13 10:26:29.53015+00	f	eff783b55f064d2193ef9b3f94b237bf	ffcd09c0-a4d2-42e1-8039-d9a8b472bfc6
18680a89-4b79-43a8-8954-f5cbf6c42f57	2024-09-22 09:51:37.351346+00	2024-05-27 15:52:35.918568+00	f	6ef646affe084f7f82ce170632d64557	699cb912-677c-44d4-8622-26accf7aec5b
e298e6e5-2a8a-447e-ba14-fdfc9ca7fc2f	2024-02-19 03:54:54.586566+00	2024-01-29 07:51:25.906452+00	f	d4038e8f221e403ba28ac07835690c63	8d090a6e-9eed-4237-b64f-141e1f6513cc
50c3022b-83bc-4ff5-b8e1-46504e3bba89	2024-03-13 09:59:34.230299+00	2024-03-13 09:20:42.548088+00	f	8d13732dd95343c7a3adfe6aa65e0f27	32026943-7b4b-46a3-8b2d-49c44f8b04b2
b1c2d88e-4dd1-4fa7-873a-44c0bd0dd014	2024-04-07 07:09:06.064636+00	2023-11-25 06:43:50.364583+00	f	10355a40ffa441e99efaa73b5ce03ebc	0221f4eb-fc25-4f10-ba92-b4bd79b71b08
695916b4-c49d-43df-9251-e54aff13a427	2024-04-14 05:16:29.773513+00	2024-04-13 11:40:47.726677+00	f	966c4356b9c243d0882a299db220822d	caf8b8ba-91de-4a7b-add8-948cedc401a5
367d1123-ddfd-4a9f-a4f4-8c56ec71e870	2024-04-17 15:05:47.551758+00	2024-04-17 15:00:15.996111+00	f	a7623c954290464b8e863dc6a56a38be	4220dc35-296f-4189-8f23-7acc4d40cb45
\.


--
-- Data for Name: users_usermodel; Type: TABLE DATA; Schema: public; Owner: mhmd
--

COPY public.users_usermodel (password, last_login, is_superuser, first_name, last_name, is_staff, is_active, date_joined, id, username, nick_name, phone_number, email_is_verified, email, phone_is_verified, id_number, id_card_image, passport_number, passport_image, address, updated_at, created_at, birthday) FROM stdin;
pbkdf2_sha256$600000$vE8vztnTTZ60mP2sXdOwwT$A/RdI1tQbatW6lgYufda7X69eyXI1nXJrMTOL/PLsZs=	\N	f	Amin	Akbari	f	t	2023-09-23 16:13:28+00	6838cb4e-5096-48bf-a438-2f8ce5ab78a4	\N	\N	9129241421	f	aminakbari88@gmail.com	f	1739900571	images/id_cards/1700367377.jpeg	1111111111	images/passport/1700367377.jpeg	Ekbatan, Block 14, Unit 493	2023-11-19 04:16:58.154296+00	2023-11-19 04:16:17.558659+00	1989-01-18
pbkdf2_sha256$600000$Qu4ScJ3HsONJJ8j8nU6IdR$FMmdaYNoJU6ZyNHIYITb4aRAeh/UesTMBeP6W33YBZk=	\N	f	Naser	Khezerlouy aghdam	f	t	2023-10-06 19:54:11+00	3f42df58-db8b-43fe-b425-28cd4c17249e	\N	\N	0914411548	f	nkhezerlou90@gmail.com	f	1375734482	images/id_cards/1700367705.jpg	R53791608	images/passport/1700367758.jpg	No 14, shahriar street, kuye valiasr, Tabriz ,iran	2023-11-19 04:22:38.110311+00	2023-11-19 04:21:45.386217+00	1973-05-07
pbkdf2_sha256$600000$jlhFOCEKe20pf4XhJOoUCO$e3DNjQHqDPwHqmA6sP/JL4oLSW/w9FHnT+vDzpE2QbY=	\N	f	nikmehr	Fallahian	f	t	2023-09-23 17:10:44+00	f8015edf-ea74-41b8-ac76-5476e2421567	\N	\N	0912351214	f	nikmehrfallahian@yahoo.com	f	0384155367	images/id_cards/1700307863.jpeg	I54830635	images/passport/1700307863.jpeg	شریعتی،کوچه هدایت،دشتی،پ ۱۵ ،طبقه ۶	2023-11-18 11:46:12.719746+00	2023-11-18 11:44:23.106476+00	1975-09-21
pbkdf2_sha256$600000$SFV1kBei9cZpRP5zOlxC5i$j1R3FrNgSpIuO/zOtkT4b3y+NYm95M2ErX7HjuYzymA=	\N	f	Kazem	dezhamkhouy	f	t	2023-09-23 19:41:55+00	cf4146da-0ada-4f5e-9ab4-005ebd13d137	\N	\N	9144031574	f	kdezhamkhouy@gmail.com	f	1370927975	images/id_cards/1700365707.jpeg	B56191310	images/passport/1700365707.jpeg	Iran-Tabriz-Azadi st.-south Jodeyri st.-golha alley-No 36	2023-11-19 03:49:13.040862+00	2023-11-19 03:48:27.331839+00	1972-04-22
pbkdf2_sha256$600000$E24g2XAD1vWRdM31zZcE3F$iLqf5CTb8oWEhiucrZEtqIBUqqEm3NpLR7wWebY8E0Y=	\N	f	Fereshteh	Solgi	f	t	2023-09-23 17:43:37+00	c6dfae7f-01a1-4d5f-b732-f6875575179c	\N	\N	9129331867	f	fereshte_solgi@yahoo.com	f	3950147187	images/id_cards/1700365972.jpeg	Z52195216	images/passport/1700365972.jpeg	No23, East taghdiri St, Vali Asr St, sadeghiyeh square	2023-11-19 03:53:31.883443+00	2023-11-19 03:52:52.448003+00	1991-02-07
pbkdf2_sha256$600000$Ios7qM2hCCXCusnFIA71BN$dRRhA14VFy/xpjD1yLoQHVqy0fyrWc8Om2uFWR7bJ58=	\N	f	Negar	Ayoubi aslani	f	t	2023-09-24 17:11:37+00	b95349cf-4ca8-4538-a106-f8c2290c5087	\N	\N	0938185435	f	aslaninegar78@yahoo.com	f	3300088658	images/id_cards/1700366280.jpeg	U56016937	images/passport/1700366280.jpeg	Iran tehran sadat abad	2023-11-19 03:58:31.307426+00	2023-11-19 03:58:00.368541+00	1992-02-06
pbkdf2_sha256$600000$OL5VI6VSA3auaFM3wdNTBJ$Kcvu9RbFiUDIm6oYHm8deiz4dpa5RAeyIKcepxczLqA=	\N	f	Hadi	Naseri	f	t	2023-09-23 17:23:03+00	b3f49530-ddee-4457-b861-02c9da8eba0c	\N	\N	9121938915	f	hadinaserico@gmail.com	f	0070245118	images/id_cards/1700366576.jpg	W57235748	images/passport/1700366576.jpg	Unit.1, No.39, Shabani Alley, Ghazaghi St, Zafarghandi Ave	2023-11-19 04:03:30.20526+00	2023-11-19 04:02:56.790922+00	1983-09-13
pbkdf2_sha256$600000$ibPWhTvqraWC1yipewi3L7$+G8lqkdHyFxjC09Rdnw0xdn7VeVirz1pckGPtMNPEiQ=	\N	f	Mona	Shokri moghadam	f	t	2023-09-27 21:39:49+00	8bd97402-2c0a-4d97-a000-475b59167a1d	\N	\N	0912296609	f	monid29291@gmail.com	f	0074395106	images/id_cards/1700366869.jpg	44266504	images/passport/1700366869.jpg	Yusef abad- tehran- iran	2023-11-19 04:08:20.214057+00	2023-11-19 04:07:49.503959+00	1983-08-26
pbkdf2_sha256$600000$ibpMDmbki66FHzVT5k4xGx$Bn+3+U6g76w4ehq9IsEMLwYs2YFekyLXhZI1Z5TwQAo=	\N	f	Hamed	Samadi vachin	f	t	2023-09-28 14:50:11+00	707c5d64-eeb4-4a15-a576-1010bae37785	\N	\N	9210750153	t	hamedvisionebaba2@gmail.com	t	0080479881	images/id_cards/1700367133.jpg	P61241620	images/passport/1700367133.jpg	No 5 Tehran iran	2024-06-30 12:45:30.528948+00	2023-11-19 04:12:13.670901+00	1987-05-11
pbkdf2_sha256$600000$KEBvGFy4g86DHvJKlfthaW$7ca7lG8/jiQF7KLE9lcyF1J1KwPdp7NzzuSVFBYDZ8c=	\N	f	Amir hossein	Zolfaghari pour	f	t	2023-09-23 16:25:51+00	3c09b90f-0052-4d2a-8d09-0f4e4c09a8de	\N	\N	0912357154	f	zolfaghari.amir@fankamgroup.com	f	0451601211	images/id_cards/1700368057.jpg	A52277340	images/passport/1700368057.jpg	No.50 atari St. Vanak Square. Tehran	2023-11-19 04:28:06.401629+00	2023-11-19 04:27:37.920632+00	1984-07-23
pbkdf2_sha256$600000$J4ne8ek6YCeS6lzeiPhGbG$tScCrtREGRsYXGtflwEvl25ckIr/iwfT/pdcFJSO4sA=	\N	f	Elham	Delshad	f	t	2023-09-23 20:27:39+00	1b3ae776-374d-42d7-abb0-5b1a6a1d0e82	\N	\N	0935873122	f	delshaad.elham@gmail.com	f	0083468552	images/id_cards/1700368278.jpeg	62028306	images/passport/1700368278.jpeg	Tehran- Iran	2023-11-19 04:31:51.180023+00	2023-11-19 04:31:18.092948+00	1985-11-11
pbkdf2_sha256$600000$Aw7IS0vhqJm029n0AirKT5$Kv2c6nyXpHR3ZpsyviOQ9V9uaoLE5v52rwoxX26dPC4=	\N	f	Behzad	Imani	f	t	2023-10-14 08:34:19+00	10a55061-d3f1-4d47-bb5c-138070d39a5d	\N	\N	9188114036	f	behzadiman@yahoo.com	f	3874616835	images/id_cards/1700368514.jpg	v65703901	images/passport/1700368514.jpg	Behzad Imani. 2 th Floor, No. 42 Motekhasesin Street, Yasaman 4, GHanizadegan Blvd, HAMEDAN, IRAN	2023-11-19 04:35:45.761344+00	2023-11-19 04:35:14.291329+00	1970-09-21
pbkdf2_sha256$600000$svSA0U9XAS8MuoK0YU1yve$/NZcO+dGn2ko5plFaX5V4rHCT//L1R+tkaimkQ3p2Xc=	\N	f	DANIYAL	ZANGANEH	f	t	2023-10-11 10:28:50+00	0fba981f-8019-4496-ad9b-5ce31fbf9d6e	\N	\N	0912959712	f	danialzgh@gmail.com	f	0022269851	images/id_cards/1700368790.jpg	X51411076	images/passport/1700368790.jpg	TEHRAN-YOUSEFABAD	2023-11-19 04:40:20.363444+00	2023-11-19 04:39:50.336612+00	1999-07-07
pbkdf2_sha256$600000$Uk4LrIuLhXmZXGOBMkDkRG$eKwkyFIDRfaDaz9ZfO3spS5pVeFmBI7Iu6xdwm618OE=	\N	f	Fatemeh	Solgi	f	t	2023-09-23 17:59:35+00	0741fc2e-bbef-4a57-9154-98a1799e7990	\N	\N	9126725364	f	zhrasolgi625@yahoo.com	f	3950251332	images/id_cards/1700369110.jpg	V52974335	images/passport/1700369110.jpg	No23, East taghdiri St, valiasr St, saddvhiyeh square	2023-11-19 04:46:18.841964+00	2023-11-19 04:45:10.749306+00	1993-03-04
pbkdf2_sha256$600000$4Tj2nO93WqU6ME9L1nw97I$9Keb9peO26c67wGSHzBj4umv6eJD4N0+dnfsy6stcSU=	\N	f	Naghi	Dara	f	t	2024-01-19 16:48:09.053354+00	98ee7642-812c-4255-924e-5d82a6d87c38	\N	\N	09171821930	f	naghidara@gmail.com	f	135	images/id_cards/1705682889.jpg	T65599738	images/passport/1705682889.jpg	ManzarNejad St,DrShariati Alley, TEHRAN, IRAN	2024-01-23 21:03:45.326625+00	2024-01-19 16:48:09.33122+00	1970-03-21
pbkdf2_sha256$600000$3mBIVFjyAFpMGyn9qWWwjf$2hijD332kTe9/zyLyfYctiOE66M5wHXe1Z7v0TBF7uI=	\N	f	omid	shahmorady	f	t	2023-09-22 13:16:14+00	0221f4eb-fc25-4f10-ba92-b4bd79b71b08	\N	\N	8084445556	f	omidshahmorady@gmail.com	f	0530514397	images/id_cards/1700369428.png	eg123456	images/passport/1700369428.png	street 25, delaviz	2023-12-03 14:34:31.84612+00	2023-11-19 04:50:28.334703+00	1980-01-02
pbkdf2_sha256$600000$mG79FJcp5xV1I8WkbEwYal$e079paIE623DDz6Wvv/wQZZ7ktTKAhzNf3lUIGJw/XA=	\N	f	Arash	Mohtashamian	f	t	2024-01-29 07:50:42.350112+00	8d090a6e-9eed-4237-b64f-141e1f6513cc	\N	\N	09123382140	f	drarashmohtashamian@gmail.com	f	0062874683	images/id_cards/1706514642.jpg	Y66578615	images/passport/1706514642.jpg	IRAN-Tehran	2024-01-29 15:41:53.555046+00	2024-01-29 07:50:42.631955+00	1981-03-25
pbkdf2_sha256$600000$7BF984xW437kzi50w3YCqG$jfktY1F+lrKz0ZlL8kSCRkH7ITXbZ95KoBfDHZMApLA=	\N	f	Ata	Rajabi	f	t	2024-03-11 07:10:14+00	caf8b8ba-91de-4a7b-add8-948cedc401a5	\N		9121932972	f	ata.rajabi@gmail.com	f	0070591962	images/id_cards/1710141014.jpg	F62562108	images/passport/1710141014.jpg	No.10, Entesariyeh St., 2nd St., Northern Karegar St.	2024-04-13 12:04:35.048815+00	2024-03-11 07:10:14.539006+00	1973-08-14
pbkdf2_sha256$600000$1vKg6UB607ORwQ6RP7UpVF$Z53UAkWTOvKSqXm6tUdPMzQQuZbPABSvwcG/dVF1Z7s=	2024-09-10 05:36:17.362202+00	t			t	t	2023-11-18 08:43:36.523269+00	05e2bb76-fa71-4de1-b4f6-8059503b2cdc	\N	\N	09126762860	f	admin@dwbank.org	f						2024-02-09 17:34:49.860624+00	2023-11-18 08:43:36.809053+00	1992-10-10
pbkdf2_sha256$600000$TeyEfx612Wny6RNNWdl2db$uj8iHxpiSTT4gBZkhT3erP++OxXAY5BoJuyQ7HNLicI=	\N	f	akbar	hasanifdfd	f	f	2024-02-12 15:03:25+00	52c8e6e0-7a7c-491d-a52d-8c88a1e895b9	\N	fdfdfdff	7706218252	f	hehayo5515@tupanda.com	f	12234567894545	images/id_cards/1707750205.jpg	12345678343434	images/passport/1707750205.jpg	kianpars khone amat	2024-02-13 11:37:45.344033+00	2024-02-12 15:03:25.059902+00	2000-01-01
pbkdf2_sha256$600000$tnQXyAvb8pIwDYumLOO6Kv$+6hqq5TvJiWN6wjMlU8PwgCeVV6FkyImZSDlRFTh7I4=	\N	f	Abdollah	Karimi	f	t	2024-03-12 09:06:00.670572+00	6f305bb7-f971-4d69-9ceb-45b43d24652d	\N		0912395153	f	dr.y.karimi@gmail.com	f	56490696	images/id_cards/1710234360.jpg	E56490696	images/passport/1710234360.jpg	No1109,shariati st,iranian clinic, tehran,iran	2024-03-12 09:06:01.201783+00	2024-03-12 09:06:00.716581+00	1961-12-12
pbkdf2_sha256$600000$LtGOEisdGFQ7CKfvyInVG8$7t/APBMuSZDl2B61sOuGLCNT2wtHfN9u4fmtfO+okJs=	\N	f	Alireza	Fahimzad	f	t	2024-03-12 09:21:03.623297+00	df9697f5-b1df-4d88-a504-3b86f22eda67	\N		0912134459	f	safahimzad@yahoo.com	f	0042867924	images/id_cards/1710235263.jpg	R59192138	images/passport/1710235263.jpg	No:1109-shariati street-Iranian clinic-Tehran-Iran	2024-03-12 09:21:04.108092+00	2024-03-12 09:21:03.636397+00	1964-09-15
pbkdf2_sha256$600000$xfd8tPbMOE7UYqujZ2k5z7$q+6cKmqY0MN+/rgAtmvbDcSSk7ENc2Wu8XIFITj5oMs=	\N	f	ll	lll	f	t	2024-03-13 07:16:47.334566+00	321d1563-0268-4795-b200-609a5219eb12	\N	ll	9126762860	f	mhmdmoayeri@gmail.com	f	ll	images/id_cards/1710314207.png	111	images/passport/1710314207.png	111	2024-03-13 07:16:47.818379+00	2024-03-13 07:16:47.339537+00	2024-03-13
pbkdf2_sha256$600000$d6kIT3VuWWlOEqFeVZ7HB6$8gODl2mJnx+LJe1exWtDgT9IVSmp1+WLG4lvnPLxPQ4=	\N	f	mohammadreza	alaei	f	t	2024-03-13 08:44:45.198272+00	32026943-7b4b-46a3-8b2d-49c44f8b04b2	\N		9121884972	f	alaee2003@yahoo.com	f	4560444511	images/id_cards/1710319485.jpeg	u59826613	images/passport/1710319485.jpeg	no 1109, shariati st	2024-03-13 08:44:45.682177+00	2024-03-13 08:44:45.204896+00	1966-11-02
pbkdf2_sha256$600000$qo8376SGQBP1jmgjY4WBay$fJQ8WkYolQT7iUlMP4FAKaF9abpUyMnmSAvpS1+xF3U=	\N	f	Farshad	Shams lahijani	f	t	2024-04-17 14:58:14.441857+00	4220dc35-296f-4189-8f23-7acc4d40cb45	\N	Fred	0919987693	f	Farshad.shams690@gmail.com	f	00122516732	images/id_cards/1713365894.jpg	00122516732	images/passport/1713365894.jpg	N 45. B19. Dana Street. Bonyad boulvar. Zoom 4. Paris city	2024-04-17 14:58:14.918725+00	2024-04-17 14:58:14.45328+00	1990-06-01
pbkdf2_sha256$600000$PYvzqHjSSkfZAzVbYwAs25$XblCUXlHO4XPIW0rcTplzyXZvrktoQRqDjStNZ4VbPk=	\N	f	Arthur	Barros	f	t	2024-07-30 19:33:36.781839+00	b9e28fa4-271c-4907-a1b4-ddd6b541caf3	\N		8299422593	f	arthurbud101@gmail.com	f	13409030409	images/id_cards/1722368016.jpeg	13409030409	images/passport/1722368016.jpeg	Rua santo antonio, 58	2024-07-30 19:33:37.548631+00	2024-07-30 19:33:36.987151+00	2001-07-21
pbkdf2_sha256$600000$QmABgQLPCextkf3tBTiyiE$oDK1iO+6MGfjXdtMDALNkHzQQrDfi83dEbhISXJz154=	\N	f	Mohamad Amin	Zolfaghari	f	t	2024-05-27 15:50:05.386463+00	699cb912-677c-44d4-8622-26accf7aec5b	\N	Amin Zolfaghari	9982201221	f	haykoub@gmail.com	f	0018391291	images/id_cards/1716825005.jpg	0018391291	images/passport/1716825005.jpg	Number117	2024-08-01 23:42:28.619985+00	2024-05-27 15:50:05.441571+00	1995-02-12
pbkdf2_sha256$600000$a6EV8lD0FWs4oNfM7hmukn$O2YZwONwIH9pb7hrCTFUlP9zxdnONuod6Kyt2HbjAdQ=	\N	f	Mohammad Esmaeil	Yazdani	f	t	2024-05-14 08:47:22.308778+00	2452739c-9e37-4c48-a90a-ab220c914c43	\N		9127115127	f	M.esmaeil.Yazdani@gmail.com	f	0450157113	images/id_cards/1715676442.jpg	Z97552347	images/passport/1715676442.jpg	Unit9, no4, motalebi st, ekhtiyariyeh sq, pasdaran sr, tehran, Iran	2024-05-14 08:55:21.688185+00	2024-05-14 08:47:22.346121+00	1982-03-01
pbkdf2_sha256$600000$Zf7LecyID9fE7IGEa426qw$GcZ+qwWAJB8HHSJXs5Kh30/9ktdwtDUiDxDKdVbCqtQ=	\N	f	Hasan	TaherShamsi	f	t	2024-05-29 15:08:38.184697+00	e2be3b61-edec-4c14-883f-476b1200a9d8	\N		9122003786	f	Alishsms2013@gimail.com	f	1219753254	images/id_cards/1716995318.jpg	68119322	images/passport/1716995318.jpg	No129, Golha, Ekbatan 2, Tehran, Iran	2024-05-29 15:08:38.659514+00	2024-05-29 15:08:38.204363+00	1980-06-15
pbkdf2_sha256$600000$om9y6qA0paCSXHBE0DsxkT$VVEh+/MRExUgu7rcv3v4xQm0fyh0hX5qPQHH9uSLCrQ=	\N	f	Ahmad	Amd	f	t	2024-06-16 14:46:29.871145+00	ada20c7b-1e8c-440e-a177-2c4448843eeb	\N	Mehrdad	9153382696	f	amd.mehrdad@gmail.com	f	0938103628	images/id_cards/1718549189.jpg	0938103628	images/passport/1718549189.jpg	Theran bani hashem koch mahdi plak 16	2024-06-16 14:46:30.403533+00	2024-06-16 14:46:29.88761+00	1983-01-25
pbkdf2_sha256$600000$pUXDpb9dZkYq2kGEc5RU9K$zmvUSXMFjs//ToKJUK9sUjQDz5RDcvPCJYX8Riy9/5M=	\N	f	Hassan	Taghizadeh tafreshi	f	t	2024-06-16 14:47:21.117577+00	60317f49-f765-44a0-9323-f2840beb505b	\N	Diver	9127306173	f	Hassan.gnm2014@gmail.com	f	0012484903	images/id_cards/1718549241.jpg	A97094758	images/passport/1718549241.jpg	b1 , d87 , spradon vadi , bahçeşehır , ıstanbul	2024-06-16 14:47:21.601306+00	2024-06-16 14:47:21.120467+00	1990-09-18
pbkdf2_sha256$600000$b3MrRQlEusCBJDbuSpP9ej$lQtgdTfo0iej6VcAD9xqMcwW2wT4d8mVrxzlgX8SsLo=	\N	f	Amit	Singh	f	t	2024-06-21 03:51:03.039651+00	804566f2-64fd-4aa1-821d-b10272574460	\N		7055000883	f	ammy.randhawa2@gmail.com	f	A57830000950108	images/id_cards/1718941863.jpg	91957967	images/passport/1718941863.jpg	72 cockburn drive, scarborough, ON, CA, M1C2T2	2024-06-21 04:00:24.602994+00	2024-06-21 03:51:03.108733+00	1995-01-08
pbkdf2_sha256$600000$O1m1FTYFZhOXnbv7iRlnCb$8H4ewpgwfOqS/9aNEKg+UvbW34DETDujYUepTLTso+A=	\N	f	Farideh	Akbari	f	t	2024-09-06 13:53:01.061829+00	ccac4e4f-c44d-4acc-9710-f48b77976c7a	\N		9143155004	f	faridehakbari11@gmail.com	f	1371025940	images/id_cards/1725630781.jpeg	M54477604	images/passport/1725630781.jpeg	Iran-Tabriz-Azadi st-south jodeyri st- golha alley-No36	2024-09-06 13:53:01.544167+00	2024-09-06 13:53:01.085685+00	1976-08-23
pbkdf2_sha256$600000$MSKIvOyLr70NQZAsJyeJc6$wG5Z1r56IfU/hKZkMfOUHaG9VHyuuQD+EoxyHzIg9k8=	\N	f	Romina	Dezhamkhouy	f	t	2024-09-06 18:47:34.116424+00	fbeca442-b3b4-46dc-a68c-3a73e7bb396d	\N		9144940431	f	rominakhouy@gmail.com	f	1364214083	images/id_cards/1725648454.jpeg	M54977593	images/passport/1725648454.jpeg	Iran-Tabriz-Azadi st- south Jodeiri st- golha alley-No36	2024-09-06 18:47:34.702349+00	2024-09-06 18:47:34.231793+00	2006-08-04
pbkdf2_sha256$600000$fK2vMOJJIUgK4977GyB7QT$/jATujqc4W83t/T+aI4HNlDDe8M3zNB/KCC7mlBItkQ=	\N	f	Maryam	Amini	f	t	2024-09-13 10:08:55.674655+00	ffcd09c0-a4d2-42e1-8039-d9a8b472bfc6	\N		0913750542	f	maryamamini54270@gmail.com	f	5490001607	images/id_cards/1726222135.jpg	56599449	images/passport/1726222135.jpg	Moheb hospital 23 street asadabadi street yusef abad Tehran iran	2024-09-13 10:08:56.24145+00	2024-09-13 10:08:55.749963+00	1990-12-30
pbkdf2_sha256$600000$UVt5Eykte1DFIM0ZKLMFrW$G/SmaWZPhC3fJ3660mVStGxTcJfDuaHHssU/LxyRw4Q=	\N	f	Jievohn	Norris	f	t	2024-09-17 20:47:06.985604+00	df151d9e-338e-4590-9eb0-a05db400c2b1	\N	Gigi	9517320718	f	ashunaecherye28@gmail.com	f	D5235237	images/id_cards/1726606027.jpg	D5235237	images/passport/1726606027.jpg	3546 Lemon St Apt D Riverside CA. 92501	2024-09-17 20:58:59.800195+00	2024-09-17 20:47:07.030304+00	1984-07-04
\.


--
-- Data for Name: users_usermodel_groups; Type: TABLE DATA; Schema: public; Owner: mhmd
--

COPY public.users_usermodel_groups (id, usermodel_id, group_id) FROM stdin;
\.


--
-- Data for Name: users_usermodel_user_permissions; Type: TABLE DATA; Schema: public; Owner: mhmd
--

COPY public.users_usermodel_user_permissions (id, usermodel_id, permission_id) FROM stdin;
\.


--
-- Data for Name: vizits_services; Type: TABLE DATA; Schema: public; Owner: mhmd
--

COPY public.vizits_services (id, updated_at, created_at, is_deleted, service, center_id) FROM stdin;
\.


--
-- Data for Name: vizits_vizits; Type: TABLE DATA; Schema: public; Owner: mhmd
--

COPY public.vizits_vizits (id, updated_at, created_at, is_deleted, name, title, national_id, phone_number, mablagh, status, dsc, payment_method, center_id, service_id, tracking_code) FROM stdin;
\.


--
-- Name: auth_group_id_seq; Type: SEQUENCE SET; Schema: public; Owner: mhmd
--

SELECT pg_catalog.setval('public.auth_group_id_seq', 1, false);


--
-- Name: auth_group_permissions_id_seq; Type: SEQUENCE SET; Schema: public; Owner: mhmd
--

SELECT pg_catalog.setval('public.auth_group_permissions_id_seq', 1, false);


--
-- Name: auth_permission_id_seq; Type: SEQUENCE SET; Schema: public; Owner: mhmd
--

SELECT pg_catalog.setval('public.auth_permission_id_seq', 112, true);


--
-- Name: django_admin_log_id_seq; Type: SEQUENCE SET; Schema: public; Owner: mhmd
--

SELECT pg_catalog.setval('public.django_admin_log_id_seq', 103, true);


--
-- Name: django_content_type_id_seq; Type: SEQUENCE SET; Schema: public; Owner: mhmd
--

SELECT pg_catalog.setval('public.django_content_type_id_seq', 28, true);


--
-- Name: django_migrations_id_seq; Type: SEQUENCE SET; Schema: public; Owner: mhmd
--

SELECT pg_catalog.setval('public.django_migrations_id_seq', 141, true);


--
-- Name: token_blacklist_blacklistedtoken_id_seq; Type: SEQUENCE SET; Schema: public; Owner: mhmd
--

SELECT pg_catalog.setval('public.token_blacklist_blacklistedtoken_id_seq', 1, false);


--
-- Name: token_blacklist_outstandingtoken_id_seq; Type: SEQUENCE SET; Schema: public; Owner: mhmd
--

SELECT pg_catalog.setval('public.token_blacklist_outstandingtoken_id_seq', 1, false);


--
-- Name: users_usermodel_groups_id_seq; Type: SEQUENCE SET; Schema: public; Owner: mhmd
--

SELECT pg_catalog.setval('public.users_usermodel_groups_id_seq', 1, false);


--
-- Name: users_usermodel_user_permissions_id_seq; Type: SEQUENCE SET; Schema: public; Owner: mhmd
--

SELECT pg_catalog.setval('public.users_usermodel_user_permissions_id_seq', 1, false);


--
-- Name: auth_group auth_group_name_key; Type: CONSTRAINT; Schema: public; Owner: mhmd
--

ALTER TABLE ONLY public.auth_group
    ADD CONSTRAINT auth_group_name_key UNIQUE (name);


--
-- Name: auth_group_permissions auth_group_permissions_group_id_permission_id_0cd325b0_uniq; Type: CONSTRAINT; Schema: public; Owner: mhmd
--

ALTER TABLE ONLY public.auth_group_permissions
    ADD CONSTRAINT auth_group_permissions_group_id_permission_id_0cd325b0_uniq UNIQUE (group_id, permission_id);


--
-- Name: auth_group_permissions auth_group_permissions_pkey; Type: CONSTRAINT; Schema: public; Owner: mhmd
--

ALTER TABLE ONLY public.auth_group_permissions
    ADD CONSTRAINT auth_group_permissions_pkey PRIMARY KEY (id);


--
-- Name: auth_group auth_group_pkey; Type: CONSTRAINT; Schema: public; Owner: mhmd
--

ALTER TABLE ONLY public.auth_group
    ADD CONSTRAINT auth_group_pkey PRIMARY KEY (id);


--
-- Name: auth_permission auth_permission_content_type_id_codename_01ab375a_uniq; Type: CONSTRAINT; Schema: public; Owner: mhmd
--

ALTER TABLE ONLY public.auth_permission
    ADD CONSTRAINT auth_permission_content_type_id_codename_01ab375a_uniq UNIQUE (content_type_id, codename);


--
-- Name: auth_permission auth_permission_pkey; Type: CONSTRAINT; Schema: public; Owner: mhmd
--

ALTER TABLE ONLY public.auth_permission
    ADD CONSTRAINT auth_permission_pkey PRIMARY KEY (id);


--
-- Name: authtoken_token authtoken_token_pkey; Type: CONSTRAINT; Schema: public; Owner: mhmd
--

ALTER TABLE ONLY public.authtoken_token
    ADD CONSTRAINT authtoken_token_pkey PRIMARY KEY (key);


--
-- Name: authtoken_token authtoken_token_user_id_key; Type: CONSTRAINT; Schema: public; Owner: mhmd
--

ALTER TABLE ONLY public.authtoken_token
    ADD CONSTRAINT authtoken_token_user_id_key UNIQUE (user_id);


--
-- Name: cards_cardtypes cards_cardtypes_pkey; Type: CONSTRAINT; Schema: public; Owner: mhmd
--

ALTER TABLE ONLY public.cards_cardtypes
    ADD CONSTRAINT cards_cardtypes_pkey PRIMARY KEY (id);


--
-- Name: cards_daroocard cards_daroocard_number_key; Type: CONSTRAINT; Schema: public; Owner: mhmd
--

ALTER TABLE ONLY public.cards_daroocard
    ADD CONSTRAINT cards_daroocard_number_key UNIQUE (number);


--
-- Name: cards_daroocard cards_daroocard_pkey; Type: CONSTRAINT; Schema: public; Owner: mhmd
--

ALTER TABLE ONLY public.cards_daroocard
    ADD CONSTRAINT cards_daroocard_pkey PRIMARY KEY (id);


--
-- Name: django_admin_log django_admin_log_pkey; Type: CONSTRAINT; Schema: public; Owner: mhmd
--

ALTER TABLE ONLY public.django_admin_log
    ADD CONSTRAINT django_admin_log_pkey PRIMARY KEY (id);


--
-- Name: django_content_type django_content_type_app_label_model_76bd3d3b_uniq; Type: CONSTRAINT; Schema: public; Owner: mhmd
--

ALTER TABLE ONLY public.django_content_type
    ADD CONSTRAINT django_content_type_app_label_model_76bd3d3b_uniq UNIQUE (app_label, model);


--
-- Name: django_content_type django_content_type_pkey; Type: CONSTRAINT; Schema: public; Owner: mhmd
--

ALTER TABLE ONLY public.django_content_type
    ADD CONSTRAINT django_content_type_pkey PRIMARY KEY (id);


--
-- Name: django_migrations django_migrations_pkey; Type: CONSTRAINT; Schema: public; Owner: mhmd
--

ALTER TABLE ONLY public.django_migrations
    ADD CONSTRAINT django_migrations_pkey PRIMARY KEY (id);


--
-- Name: django_session django_session_pkey; Type: CONSTRAINT; Schema: public; Owner: mhmd
--

ALTER TABLE ONLY public.django_session
    ADD CONSTRAINT django_session_pkey PRIMARY KEY (session_key);


--
-- Name: ipg_ipg ipg_ipg_ResNum_key; Type: CONSTRAINT; Schema: public; Owner: mhmd
--

ALTER TABLE ONLY public.ipg_ipg
    ADD CONSTRAINT "ipg_ipg_ResNum_key" UNIQUE ("ResNum");


--
-- Name: ipg_ipg ipg_ipg_pkey; Type: CONSTRAINT; Schema: public; Owner: mhmd
--

ALTER TABLE ONLY public.ipg_ipg
    ADD CONSTRAINT ipg_ipg_pkey PRIMARY KEY (id);


--
-- Name: loans_adminloan loans_adminloan_pkey; Type: CONSTRAINT; Schema: public; Owner: mhmd
--

ALTER TABLE ONLY public.loans_adminloan
    ADD CONSTRAINT loans_adminloan_pkey PRIMARY KEY (id);


--
-- Name: loans_loan loans_loan_pkey; Type: CONSTRAINT; Schema: public; Owner: mhmd
--

ALTER TABLE ONLY public.loans_loan
    ADD CONSTRAINT loans_loan_pkey PRIMARY KEY (id);


--
-- Name: loans_textloan loans_textloan_pkey; Type: CONSTRAINT; Schema: public; Owner: mhmd
--

ALTER TABLE ONLY public.loans_textloan
    ADD CONSTRAINT loans_textloan_pkey PRIMARY KEY (id);


--
-- Name: managements_adminrequests managements_adminrequests_pkey; Type: CONSTRAINT; Schema: public; Owner: mhmd
--

ALTER TABLE ONLY public.managements_adminrequests
    ADD CONSTRAINT managements_adminrequests_pkey PRIMARY KEY (id);


--
-- Name: managements_mablaghsms managements_mablaghsms_pkey; Type: CONSTRAINT; Schema: public; Owner: mhmd
--

ALTER TABLE ONLY public.managements_mablaghsms
    ADD CONSTRAINT managements_mablaghsms_pkey PRIMARY KEY (id);


--
-- Name: managements_rules managements_rules_pkey; Type: CONSTRAINT; Schema: public; Owner: mhmd
--

ALTER TABLE ONLY public.managements_rules
    ADD CONSTRAINT managements_rules_pkey PRIMARY KEY (id);


--
-- Name: markets_balances markets_balances_pkey; Type: CONSTRAINT; Schema: public; Owner: mhmd
--

ALTER TABLE ONLY public.markets_balances
    ADD CONSTRAINT markets_balances_pkey PRIMARY KEY (id);


--
-- Name: markets_blockfee markets_blockfee_pkey; Type: CONSTRAINT; Schema: public; Owner: mhmd
--

ALTER TABLE ONLY public.markets_blockfee
    ADD CONSTRAINT markets_blockfee_pkey PRIMARY KEY (id);


--
-- Name: markets_createdeposit markets_createdeposit_pkey; Type: CONSTRAINT; Schema: public; Owner: mhmd
--

ALTER TABLE ONLY public.markets_createdeposit
    ADD CONSTRAINT markets_createdeposit_pkey PRIMARY KEY (id);


--
-- Name: markets_creditcard markets_creditcard_pkey; Type: CONSTRAINT; Schema: public; Owner: mhmd
--

ALTER TABLE ONLY public.markets_creditcard
    ADD CONSTRAINT markets_creditcard_pkey PRIMARY KEY (id);


--
-- Name: markets_deposithistory markets_deposithistory_pkey; Type: CONSTRAINT; Schema: public; Owner: mhmd
--

ALTER TABLE ONLY public.markets_deposithistory
    ADD CONSTRAINT markets_deposithistory_pkey PRIMARY KEY (id);


--
-- Name: markets_deposithistory markets_deposithistory_tx_id_key; Type: CONSTRAINT; Schema: public; Owner: mhmd
--

ALTER TABLE ONLY public.markets_deposithistory
    ADD CONSTRAINT markets_deposithistory_tx_id_key UNIQUE (tx_id);


--
-- Name: markets_emailbalance markets_emailbalance_pkey; Type: CONSTRAINT; Schema: public; Owner: mhmd
--

ALTER TABLE ONLY public.markets_emailbalance
    ADD CONSTRAINT markets_emailbalance_pkey PRIMARY KEY (emailloan_ptr_id);


--
-- Name: markets_emailloan markets_emailloan_pkey; Type: CONSTRAINT; Schema: public; Owner: mhmd
--

ALTER TABLE ONLY public.markets_emailloan
    ADD CONSTRAINT markets_emailloan_pkey PRIMARY KEY (id);


--
-- Name: markets_feelimit markets_feelimit_pkey; Type: CONSTRAINT; Schema: public; Owner: mhmd
--

ALTER TABLE ONLY public.markets_feelimit
    ADD CONSTRAINT markets_feelimit_pkey PRIMARY KEY (id);


--
-- Name: markets_fiatdeposithistory markets_fiatdeposithistory_pkey; Type: CONSTRAINT; Schema: public; Owner: mhmd
--

ALTER TABLE ONLY public.markets_fiatdeposithistory
    ADD CONSTRAINT markets_fiatdeposithistory_pkey PRIMARY KEY (id);


--
-- Name: markets_intermediatewallet markets_intermediatewallet_address_key; Type: CONSTRAINT; Schema: public; Owner: mhmd
--

ALTER TABLE ONLY public.markets_intermediatewallet
    ADD CONSTRAINT markets_intermediatewallet_address_key UNIQUE (address);


--
-- Name: markets_intermediatewallet markets_intermediatewallet_pkey; Type: CONSTRAINT; Schema: public; Owner: mhmd
--

ALTER TABLE ONLY public.markets_intermediatewallet
    ADD CONSTRAINT markets_intermediatewallet_pkey PRIMARY KEY (id);


--
-- Name: markets_intermediatewallet markets_intermediatewallet_private_key_key; Type: CONSTRAINT; Schema: public; Owner: mhmd
--

ALTER TABLE ONLY public.markets_intermediatewallet
    ADD CONSTRAINT markets_intermediatewallet_private_key_key UNIQUE (private_key);


--
-- Name: markets_internaltransfers markets_internaltransfers_pkey; Type: CONSTRAINT; Schema: public; Owner: mhmd
--

ALTER TABLE ONLY public.markets_internaltransfers
    ADD CONSTRAINT markets_internaltransfers_pkey PRIMARY KEY (id);


--
-- Name: markets_loan markets_loan_pkey; Type: CONSTRAINT; Schema: public; Owner: mhmd
--

ALTER TABLE ONLY public.markets_loan
    ADD CONSTRAINT markets_loan_pkey PRIMARY KEY (id);


--
-- Name: markets_support markets_support_pkey; Type: CONSTRAINT; Schema: public; Owner: mhmd
--

ALTER TABLE ONLY public.markets_support
    ADD CONSTRAINT markets_support_pkey PRIMARY KEY (id);


--
-- Name: markets_wage markets_wage_pkey; Type: CONSTRAINT; Schema: public; Owner: mhmd
--

ALTER TABLE ONLY public.markets_wage
    ADD CONSTRAINT markets_wage_pkey PRIMARY KEY (id);


--
-- Name: markets_wallets markets_wallets_address_key; Type: CONSTRAINT; Schema: public; Owner: mhmd
--

ALTER TABLE ONLY public.markets_wallets
    ADD CONSTRAINT markets_wallets_address_key UNIQUE (address);


--
-- Name: markets_wallets markets_wallets_pkey; Type: CONSTRAINT; Schema: public; Owner: mhmd
--

ALTER TABLE ONLY public.markets_wallets
    ADD CONSTRAINT markets_wallets_pkey PRIMARY KEY (id);


--
-- Name: markets_wallets markets_wallets_user_id_key; Type: CONSTRAINT; Schema: public; Owner: mhmd
--

ALTER TABLE ONLY public.markets_wallets
    ADD CONSTRAINT markets_wallets_user_id_key UNIQUE (user_id);


--
-- Name: markets_withdrawal markets_withdrawal_pkey; Type: CONSTRAINT; Schema: public; Owner: mhmd
--

ALTER TABLE ONLY public.markets_withdrawal
    ADD CONSTRAINT markets_withdrawal_pkey PRIMARY KEY (id);


--
-- Name: tickets_support tickets_support_pkey; Type: CONSTRAINT; Schema: public; Owner: mhmd
--

ALTER TABLE ONLY public.tickets_support
    ADD CONSTRAINT tickets_support_pkey PRIMARY KEY (id);


--
-- Name: token_blacklist_blacklistedtoken token_blacklist_blacklistedtoken_pkey; Type: CONSTRAINT; Schema: public; Owner: mhmd
--

ALTER TABLE ONLY public.token_blacklist_blacklistedtoken
    ADD CONSTRAINT token_blacklist_blacklistedtoken_pkey PRIMARY KEY (id);


--
-- Name: token_blacklist_blacklistedtoken token_blacklist_blacklistedtoken_token_id_key; Type: CONSTRAINT; Schema: public; Owner: mhmd
--

ALTER TABLE ONLY public.token_blacklist_blacklistedtoken
    ADD CONSTRAINT token_blacklist_blacklistedtoken_token_id_key UNIQUE (token_id);


--
-- Name: token_blacklist_outstandingtoken token_blacklist_outstandingtoken_jti_hex_d9bdf6f7_uniq; Type: CONSTRAINT; Schema: public; Owner: mhmd
--

ALTER TABLE ONLY public.token_blacklist_outstandingtoken
    ADD CONSTRAINT token_blacklist_outstandingtoken_jti_hex_d9bdf6f7_uniq UNIQUE (jti);


--
-- Name: token_blacklist_outstandingtoken token_blacklist_outstandingtoken_pkey; Type: CONSTRAINT; Schema: public; Owner: mhmd
--

ALTER TABLE ONLY public.token_blacklist_outstandingtoken
    ADD CONSTRAINT token_blacklist_outstandingtoken_pkey PRIMARY KEY (id);


--
-- Name: tracks_trackingcode tracks_trackingcode_pkey; Type: CONSTRAINT; Schema: public; Owner: mhmd
--

ALTER TABLE ONLY public.tracks_trackingcode
    ADD CONSTRAINT tracks_trackingcode_pkey PRIMARY KEY (id);


--
-- Name: users_notification users_notification_pkey; Type: CONSTRAINT; Schema: public; Owner: mhmd
--

ALTER TABLE ONLY public.users_notification
    ADD CONSTRAINT users_notification_pkey PRIMARY KEY (id);


--
-- Name: users_sign users_sign_pkey; Type: CONSTRAINT; Schema: public; Owner: mhmd
--

ALTER TABLE ONLY public.users_sign
    ADD CONSTRAINT users_sign_pkey PRIMARY KEY (id);


--
-- Name: users_sign users_sign_token_key; Type: CONSTRAINT; Schema: public; Owner: mhmd
--

ALTER TABLE ONLY public.users_sign
    ADD CONSTRAINT users_sign_token_key UNIQUE (token);


--
-- Name: users_usermodel users_usermodel_email_key; Type: CONSTRAINT; Schema: public; Owner: mhmd
--

ALTER TABLE ONLY public.users_usermodel
    ADD CONSTRAINT users_usermodel_email_key UNIQUE (email);


--
-- Name: users_usermodel_groups users_usermodel_groups_pkey; Type: CONSTRAINT; Schema: public; Owner: mhmd
--

ALTER TABLE ONLY public.users_usermodel_groups
    ADD CONSTRAINT users_usermodel_groups_pkey PRIMARY KEY (id);


--
-- Name: users_usermodel_groups users_usermodel_groups_usermodel_id_group_id_9b0d8efb_uniq; Type: CONSTRAINT; Schema: public; Owner: mhmd
--

ALTER TABLE ONLY public.users_usermodel_groups
    ADD CONSTRAINT users_usermodel_groups_usermodel_id_group_id_9b0d8efb_uniq UNIQUE (usermodel_id, group_id);


--
-- Name: users_usermodel users_usermodel_phone_number_key; Type: CONSTRAINT; Schema: public; Owner: mhmd
--

ALTER TABLE ONLY public.users_usermodel
    ADD CONSTRAINT users_usermodel_phone_number_key UNIQUE (phone_number);


--
-- Name: users_usermodel users_usermodel_pkey; Type: CONSTRAINT; Schema: public; Owner: mhmd
--

ALTER TABLE ONLY public.users_usermodel
    ADD CONSTRAINT users_usermodel_pkey PRIMARY KEY (id);


--
-- Name: users_usermodel_user_permissions users_usermodel_user_per_usermodel_id_permission__4267deae_uniq; Type: CONSTRAINT; Schema: public; Owner: mhmd
--

ALTER TABLE ONLY public.users_usermodel_user_permissions
    ADD CONSTRAINT users_usermodel_user_per_usermodel_id_permission__4267deae_uniq UNIQUE (usermodel_id, permission_id);


--
-- Name: users_usermodel_user_permissions users_usermodel_user_permissions_pkey; Type: CONSTRAINT; Schema: public; Owner: mhmd
--

ALTER TABLE ONLY public.users_usermodel_user_permissions
    ADD CONSTRAINT users_usermodel_user_permissions_pkey PRIMARY KEY (id);


--
-- Name: vizits_services vizits_services_center_id_service_2345790f_uniq; Type: CONSTRAINT; Schema: public; Owner: mhmd
--

ALTER TABLE ONLY public.vizits_services
    ADD CONSTRAINT vizits_services_center_id_service_2345790f_uniq UNIQUE (center_id, service);


--
-- Name: vizits_services vizits_services_pkey; Type: CONSTRAINT; Schema: public; Owner: mhmd
--

ALTER TABLE ONLY public.vizits_services
    ADD CONSTRAINT vizits_services_pkey PRIMARY KEY (id);


--
-- Name: vizits_vizits vizits_vizits_pkey; Type: CONSTRAINT; Schema: public; Owner: mhmd
--

ALTER TABLE ONLY public.vizits_vizits
    ADD CONSTRAINT vizits_vizits_pkey PRIMARY KEY (id);


--
-- Name: auth_group_name_a6ea08ec_like; Type: INDEX; Schema: public; Owner: mhmd
--

CREATE INDEX auth_group_name_a6ea08ec_like ON public.auth_group USING btree (name varchar_pattern_ops);


--
-- Name: auth_group_permissions_group_id_b120cbf9; Type: INDEX; Schema: public; Owner: mhmd
--

CREATE INDEX auth_group_permissions_group_id_b120cbf9 ON public.auth_group_permissions USING btree (group_id);


--
-- Name: auth_group_permissions_permission_id_84c5c92e; Type: INDEX; Schema: public; Owner: mhmd
--

CREATE INDEX auth_group_permissions_permission_id_84c5c92e ON public.auth_group_permissions USING btree (permission_id);


--
-- Name: auth_permission_content_type_id_2f476e4b; Type: INDEX; Schema: public; Owner: mhmd
--

CREATE INDEX auth_permission_content_type_id_2f476e4b ON public.auth_permission USING btree (content_type_id);


--
-- Name: authtoken_token_key_10f0b77e_like; Type: INDEX; Schema: public; Owner: mhmd
--

CREATE INDEX authtoken_token_key_10f0b77e_like ON public.authtoken_token USING btree (key varchar_pattern_ops);


--
-- Name: cards_daroocard_card_type_id_6c375edf; Type: INDEX; Schema: public; Owner: mhmd
--

CREATE INDEX cards_daroocard_card_type_id_6c375edf ON public.cards_daroocard USING btree (card_type_id);


--
-- Name: cards_daroocard_number_ea3f8cf6_like; Type: INDEX; Schema: public; Owner: mhmd
--

CREATE INDEX cards_daroocard_number_ea3f8cf6_like ON public.cards_daroocard USING btree (number varchar_pattern_ops);


--
-- Name: cards_daroocard_user_id_27ccfc4d; Type: INDEX; Schema: public; Owner: mhmd
--

CREATE INDEX cards_daroocard_user_id_27ccfc4d ON public.cards_daroocard USING btree (user_id);


--
-- Name: django_admin_log_content_type_id_c4bce8eb; Type: INDEX; Schema: public; Owner: mhmd
--

CREATE INDEX django_admin_log_content_type_id_c4bce8eb ON public.django_admin_log USING btree (content_type_id);


--
-- Name: django_admin_log_user_id_c564eba6; Type: INDEX; Schema: public; Owner: mhmd
--

CREATE INDEX django_admin_log_user_id_c564eba6 ON public.django_admin_log USING btree (user_id);


--
-- Name: django_session_expire_date_a5c62663; Type: INDEX; Schema: public; Owner: mhmd
--

CREATE INDEX django_session_expire_date_a5c62663 ON public.django_session USING btree (expire_date);


--
-- Name: django_session_session_key_c0390e0f_like; Type: INDEX; Schema: public; Owner: mhmd
--

CREATE INDEX django_session_session_key_c0390e0f_like ON public.django_session USING btree (session_key varchar_pattern_ops);


--
-- Name: ipg_ipg_ResNum_c496f0e2_like; Type: INDEX; Schema: public; Owner: mhmd
--

CREATE INDEX "ipg_ipg_ResNum_c496f0e2_like" ON public.ipg_ipg USING btree ("ResNum" varchar_pattern_ops);


--
-- Name: ipg_ipg_To_id_99b05688; Type: INDEX; Schema: public; Owner: mhmd
--

CREATE INDEX "ipg_ipg_To_id_99b05688" ON public.ipg_ipg USING btree ("To_id");


--
-- Name: ipg_ipg_Token_719a8cf7; Type: INDEX; Schema: public; Owner: mhmd
--

CREATE INDEX "ipg_ipg_Token_719a8cf7" ON public.ipg_ipg USING btree ("Token");


--
-- Name: ipg_ipg_Token_719a8cf7_like; Type: INDEX; Schema: public; Owner: mhmd
--

CREATE INDEX "ipg_ipg_Token_719a8cf7_like" ON public.ipg_ipg USING btree ("Token" varchar_pattern_ops);


--
-- Name: ipg_ipg_card_id_bfd6c15f; Type: INDEX; Schema: public; Owner: mhmd
--

CREATE INDEX ipg_ipg_card_id_bfd6c15f ON public.ipg_ipg USING btree (card_id);


--
-- Name: ipg_ipg_card_type_id_3110004f; Type: INDEX; Schema: public; Owner: mhmd
--

CREATE INDEX ipg_ipg_card_type_id_3110004f ON public.ipg_ipg USING btree (card_type_id);


--
-- Name: ipg_ipg_vizit_id_a9f9e320; Type: INDEX; Schema: public; Owner: mhmd
--

CREATE INDEX ipg_ipg_vizit_id_a9f9e320 ON public.ipg_ipg USING btree (vizit_id);


--
-- Name: loans_loan_user_id_7cb20d8b; Type: INDEX; Schema: public; Owner: mhmd
--

CREATE INDEX loans_loan_user_id_7cb20d8b ON public.loans_loan USING btree (user_id);


--
-- Name: managements_adminrequests_reason_content_type_id_c3f3c4b5; Type: INDEX; Schema: public; Owner: mhmd
--

CREATE INDEX managements_adminrequests_reason_content_type_id_c3f3c4b5 ON public.managements_adminrequests USING btree (reason_content_type_id);


--
-- Name: markets_balances_to_user_id_ab6c72cf; Type: INDEX; Schema: public; Owner: mhmd
--

CREATE INDEX markets_balances_to_user_id_ab6c72cf ON public.markets_balances USING btree (user_id);


--
-- Name: markets_blockfee_reason_content_type_id_0a12faaf; Type: INDEX; Schema: public; Owner: mhmd
--

CREATE INDEX markets_blockfee_reason_content_type_id_0a12faaf ON public.markets_blockfee USING btree (reason_content_type_id);


--
-- Name: markets_blockfee_user_id_df270129; Type: INDEX; Schema: public; Owner: mhmd
--

CREATE INDEX markets_blockfee_user_id_df270129 ON public.markets_blockfee USING btree (user_id);


--
-- Name: markets_createdeposit_user_id_c716384b; Type: INDEX; Schema: public; Owner: mhmd
--

CREATE INDEX markets_createdeposit_user_id_c716384b ON public.markets_createdeposit USING btree (user_id);


--
-- Name: markets_creditcard_user_id_8df131bf; Type: INDEX; Schema: public; Owner: mhmd
--

CREATE INDEX markets_creditcard_user_id_8df131bf ON public.markets_creditcard USING btree (user_id);


--
-- Name: markets_deposithistory_tx_id_5852a2c3_like; Type: INDEX; Schema: public; Owner: mhmd
--

CREATE INDEX markets_deposithistory_tx_id_5852a2c3_like ON public.markets_deposithistory USING btree (tx_id varchar_pattern_ops);


--
-- Name: markets_emailloan_user_id_b2ea4003; Type: INDEX; Schema: public; Owner: mhmd
--

CREATE INDEX markets_emailloan_user_id_b2ea4003 ON public.markets_emailloan USING btree (user_id);


--
-- Name: markets_fiatdeposithistory_user_id_02c6547d; Type: INDEX; Schema: public; Owner: mhmd
--

CREATE INDEX markets_fiatdeposithistory_user_id_02c6547d ON public.markets_fiatdeposithistory USING btree (user_id);


--
-- Name: markets_intermediatewallet_address_55c3548d_like; Type: INDEX; Schema: public; Owner: mhmd
--

CREATE INDEX markets_intermediatewallet_address_55c3548d_like ON public.markets_intermediatewallet USING btree (address varchar_pattern_ops);


--
-- Name: markets_intermediatewallet_private_key_fa0f9c02_like; Type: INDEX; Schema: public; Owner: mhmd
--

CREATE INDEX markets_intermediatewallet_private_key_fa0f9c02_like ON public.markets_intermediatewallet USING btree (private_key varchar_pattern_ops);


--
-- Name: markets_internaltransfers_from_user_id_689d94cd; Type: INDEX; Schema: public; Owner: mhmd
--

CREATE INDEX markets_internaltransfers_from_user_id_689d94cd ON public.markets_internaltransfers USING btree (from_user_id);


--
-- Name: markets_internaltransfers_to_user_id_e7835cba; Type: INDEX; Schema: public; Owner: mhmd
--

CREATE INDEX markets_internaltransfers_to_user_id_e7835cba ON public.markets_internaltransfers USING btree (to_user_id);


--
-- Name: markets_loan_user_id_dbb826db; Type: INDEX; Schema: public; Owner: mhmd
--

CREATE INDEX markets_loan_user_id_dbb826db ON public.markets_loan USING btree (user_id);


--
-- Name: markets_support_user_id_781b3a0e; Type: INDEX; Schema: public; Owner: mhmd
--

CREATE INDEX markets_support_user_id_781b3a0e ON public.markets_support USING btree (user_id);


--
-- Name: markets_wallets_address_c45afe84_like; Type: INDEX; Schema: public; Owner: mhmd
--

CREATE INDEX markets_wallets_address_c45afe84_like ON public.markets_wallets USING btree (address varchar_pattern_ops);


--
-- Name: markets_withdrawal_user_id_d0e61ba2; Type: INDEX; Schema: public; Owner: mhmd
--

CREATE INDEX markets_withdrawal_user_id_d0e61ba2 ON public.markets_withdrawal USING btree (user_id);


--
-- Name: tickets_support_user_id_3e8474c3; Type: INDEX; Schema: public; Owner: mhmd
--

CREATE INDEX tickets_support_user_id_3e8474c3 ON public.tickets_support USING btree (user_id);


--
-- Name: token_blacklist_outstandingtoken_jti_hex_d9bdf6f7_like; Type: INDEX; Schema: public; Owner: mhmd
--

CREATE INDEX token_blacklist_outstandingtoken_jti_hex_d9bdf6f7_like ON public.token_blacklist_outstandingtoken USING btree (jti varchar_pattern_ops);


--
-- Name: token_blacklist_outstandingtoken_user_id_83bc629a; Type: INDEX; Schema: public; Owner: mhmd
--

CREATE INDEX token_blacklist_outstandingtoken_user_id_83bc629a ON public.token_blacklist_outstandingtoken USING btree (user_id);


--
-- Name: users_notification_user_id_fed360c8; Type: INDEX; Schema: public; Owner: mhmd
--

CREATE INDEX users_notification_user_id_fed360c8 ON public.users_notification USING btree (user_id);


--
-- Name: users_sign_token_e9959675_like; Type: INDEX; Schema: public; Owner: mhmd
--

CREATE INDEX users_sign_token_e9959675_like ON public.users_sign USING btree (token varchar_pattern_ops);


--
-- Name: users_sign_user_id_f7a1b453; Type: INDEX; Schema: public; Owner: mhmd
--

CREATE INDEX users_sign_user_id_f7a1b453 ON public.users_sign USING btree (user_id);


--
-- Name: users_usermodel_email_3962c86a_like; Type: INDEX; Schema: public; Owner: mhmd
--

CREATE INDEX users_usermodel_email_3962c86a_like ON public.users_usermodel USING btree (email varchar_pattern_ops);


--
-- Name: users_usermodel_groups_group_id_21c32c00; Type: INDEX; Schema: public; Owner: mhmd
--

CREATE INDEX users_usermodel_groups_group_id_21c32c00 ON public.users_usermodel_groups USING btree (group_id);


--
-- Name: users_usermodel_groups_usermodel_id_5dda3e30; Type: INDEX; Schema: public; Owner: mhmd
--

CREATE INDEX users_usermodel_groups_usermodel_id_5dda3e30 ON public.users_usermodel_groups USING btree (usermodel_id);


--
-- Name: users_usermodel_phone_number_e8fe4b15_like; Type: INDEX; Schema: public; Owner: mhmd
--

CREATE INDEX users_usermodel_phone_number_e8fe4b15_like ON public.users_usermodel USING btree (phone_number varchar_pattern_ops);


--
-- Name: users_usermodel_user_permissions_permission_id_ca2684d8; Type: INDEX; Schema: public; Owner: mhmd
--

CREATE INDEX users_usermodel_user_permissions_permission_id_ca2684d8 ON public.users_usermodel_user_permissions USING btree (permission_id);


--
-- Name: users_usermodel_user_permissions_usermodel_id_bbf08559; Type: INDEX; Schema: public; Owner: mhmd
--

CREATE INDEX users_usermodel_user_permissions_usermodel_id_bbf08559 ON public.users_usermodel_user_permissions USING btree (usermodel_id);


--
-- Name: vizits_services_center_id_132f965e; Type: INDEX; Schema: public; Owner: mhmd
--

CREATE INDEX vizits_services_center_id_132f965e ON public.vizits_services USING btree (center_id);


--
-- Name: vizits_vizits_center_id_2cbb8c1b; Type: INDEX; Schema: public; Owner: mhmd
--

CREATE INDEX vizits_vizits_center_id_2cbb8c1b ON public.vizits_vizits USING btree (center_id);


--
-- Name: vizits_vizits_service_id_e20c94f7; Type: INDEX; Schema: public; Owner: mhmd
--

CREATE INDEX vizits_vizits_service_id_e20c94f7 ON public.vizits_vizits USING btree (service_id);


--
-- Name: auth_group_permissions auth_group_permissio_permission_id_84c5c92e_fk_auth_perm; Type: FK CONSTRAINT; Schema: public; Owner: mhmd
--

ALTER TABLE ONLY public.auth_group_permissions
    ADD CONSTRAINT auth_group_permissio_permission_id_84c5c92e_fk_auth_perm FOREIGN KEY (permission_id) REFERENCES public.auth_permission(id) DEFERRABLE INITIALLY DEFERRED;


--
-- Name: auth_group_permissions auth_group_permissions_group_id_b120cbf9_fk_auth_group_id; Type: FK CONSTRAINT; Schema: public; Owner: mhmd
--

ALTER TABLE ONLY public.auth_group_permissions
    ADD CONSTRAINT auth_group_permissions_group_id_b120cbf9_fk_auth_group_id FOREIGN KEY (group_id) REFERENCES public.auth_group(id) DEFERRABLE INITIALLY DEFERRED;


--
-- Name: auth_permission auth_permission_content_type_id_2f476e4b_fk_django_co; Type: FK CONSTRAINT; Schema: public; Owner: mhmd
--

ALTER TABLE ONLY public.auth_permission
    ADD CONSTRAINT auth_permission_content_type_id_2f476e4b_fk_django_co FOREIGN KEY (content_type_id) REFERENCES public.django_content_type(id) DEFERRABLE INITIALLY DEFERRED;


--
-- Name: authtoken_token authtoken_token_user_id_35299eff_fk_users_usermodel_id; Type: FK CONSTRAINT; Schema: public; Owner: mhmd
--

ALTER TABLE ONLY public.authtoken_token
    ADD CONSTRAINT authtoken_token_user_id_35299eff_fk_users_usermodel_id FOREIGN KEY (user_id) REFERENCES public.users_usermodel(id) DEFERRABLE INITIALLY DEFERRED;


--
-- Name: cards_daroocard cards_daroocard_card_type_id_6c375edf_fk_cards_cardtypes_id; Type: FK CONSTRAINT; Schema: public; Owner: mhmd
--

ALTER TABLE ONLY public.cards_daroocard
    ADD CONSTRAINT cards_daroocard_card_type_id_6c375edf_fk_cards_cardtypes_id FOREIGN KEY (card_type_id) REFERENCES public.cards_cardtypes(id) DEFERRABLE INITIALLY DEFERRED;


--
-- Name: cards_daroocard cards_daroocard_user_id_27ccfc4d_fk_users_usermodel_id; Type: FK CONSTRAINT; Schema: public; Owner: mhmd
--

ALTER TABLE ONLY public.cards_daroocard
    ADD CONSTRAINT cards_daroocard_user_id_27ccfc4d_fk_users_usermodel_id FOREIGN KEY (user_id) REFERENCES public.users_usermodel(id) DEFERRABLE INITIALLY DEFERRED;


--
-- Name: django_admin_log django_admin_log_content_type_id_c4bce8eb_fk_django_co; Type: FK CONSTRAINT; Schema: public; Owner: mhmd
--

ALTER TABLE ONLY public.django_admin_log
    ADD CONSTRAINT django_admin_log_content_type_id_c4bce8eb_fk_django_co FOREIGN KEY (content_type_id) REFERENCES public.django_content_type(id) DEFERRABLE INITIALLY DEFERRED;


--
-- Name: django_admin_log django_admin_log_user_id_c564eba6_fk_users_usermodel_id; Type: FK CONSTRAINT; Schema: public; Owner: mhmd
--

ALTER TABLE ONLY public.django_admin_log
    ADD CONSTRAINT django_admin_log_user_id_c564eba6_fk_users_usermodel_id FOREIGN KEY (user_id) REFERENCES public.users_usermodel(id) DEFERRABLE INITIALLY DEFERRED;


--
-- Name: ipg_ipg ipg_ipg_To_id_99b05688_fk_users_usermodel_id; Type: FK CONSTRAINT; Schema: public; Owner: mhmd
--

ALTER TABLE ONLY public.ipg_ipg
    ADD CONSTRAINT "ipg_ipg_To_id_99b05688_fk_users_usermodel_id" FOREIGN KEY ("To_id") REFERENCES public.users_usermodel(id) DEFERRABLE INITIALLY DEFERRED;


--
-- Name: ipg_ipg ipg_ipg_card_id_bfd6c15f_fk_cards_daroocard_id; Type: FK CONSTRAINT; Schema: public; Owner: mhmd
--

ALTER TABLE ONLY public.ipg_ipg
    ADD CONSTRAINT ipg_ipg_card_id_bfd6c15f_fk_cards_daroocard_id FOREIGN KEY (card_id) REFERENCES public.cards_daroocard(id) DEFERRABLE INITIALLY DEFERRED;


--
-- Name: ipg_ipg ipg_ipg_card_type_id_3110004f_fk_cards_cardtypes_id; Type: FK CONSTRAINT; Schema: public; Owner: mhmd
--

ALTER TABLE ONLY public.ipg_ipg
    ADD CONSTRAINT ipg_ipg_card_type_id_3110004f_fk_cards_cardtypes_id FOREIGN KEY (card_type_id) REFERENCES public.cards_cardtypes(id) DEFERRABLE INITIALLY DEFERRED;


--
-- Name: ipg_ipg ipg_ipg_vizit_id_a9f9e320_fk_vizits_vizits_id; Type: FK CONSTRAINT; Schema: public; Owner: mhmd
--

ALTER TABLE ONLY public.ipg_ipg
    ADD CONSTRAINT ipg_ipg_vizit_id_a9f9e320_fk_vizits_vizits_id FOREIGN KEY (vizit_id) REFERENCES public.vizits_vizits(id) DEFERRABLE INITIALLY DEFERRED;


--
-- Name: loans_loan loans_loan_user_id_7cb20d8b_fk_users_usermodel_id; Type: FK CONSTRAINT; Schema: public; Owner: mhmd
--

ALTER TABLE ONLY public.loans_loan
    ADD CONSTRAINT loans_loan_user_id_7cb20d8b_fk_users_usermodel_id FOREIGN KEY (user_id) REFERENCES public.users_usermodel(id) DEFERRABLE INITIALLY DEFERRED;


--
-- Name: managements_adminrequests managements_adminreq_reason_content_type__c3f3c4b5_fk_django_co; Type: FK CONSTRAINT; Schema: public; Owner: mhmd
--

ALTER TABLE ONLY public.managements_adminrequests
    ADD CONSTRAINT managements_adminreq_reason_content_type__c3f3c4b5_fk_django_co FOREIGN KEY (reason_content_type_id) REFERENCES public.django_content_type(id) DEFERRABLE INITIALLY DEFERRED;


--
-- Name: markets_balances markets_balances_user_id_51e9c8fe_fk_users_usermodel_id; Type: FK CONSTRAINT; Schema: public; Owner: mhmd
--

ALTER TABLE ONLY public.markets_balances
    ADD CONSTRAINT markets_balances_user_id_51e9c8fe_fk_users_usermodel_id FOREIGN KEY (user_id) REFERENCES public.users_usermodel(id) DEFERRABLE INITIALLY DEFERRED;


--
-- Name: markets_blockfee markets_blockfee_reason_content_type__0a12faaf_fk_django_co; Type: FK CONSTRAINT; Schema: public; Owner: mhmd
--

ALTER TABLE ONLY public.markets_blockfee
    ADD CONSTRAINT markets_blockfee_reason_content_type__0a12faaf_fk_django_co FOREIGN KEY (reason_content_type_id) REFERENCES public.django_content_type(id) DEFERRABLE INITIALLY DEFERRED;


--
-- Name: markets_blockfee markets_blockfee_user_id_df270129_fk_users_usermodel_id; Type: FK CONSTRAINT; Schema: public; Owner: mhmd
--

ALTER TABLE ONLY public.markets_blockfee
    ADD CONSTRAINT markets_blockfee_user_id_df270129_fk_users_usermodel_id FOREIGN KEY (user_id) REFERENCES public.users_usermodel(id) DEFERRABLE INITIALLY DEFERRED;


--
-- Name: markets_createdeposit markets_createdeposit_user_id_c716384b_fk_users_usermodel_id; Type: FK CONSTRAINT; Schema: public; Owner: mhmd
--

ALTER TABLE ONLY public.markets_createdeposit
    ADD CONSTRAINT markets_createdeposit_user_id_c716384b_fk_users_usermodel_id FOREIGN KEY (user_id) REFERENCES public.users_usermodel(id) DEFERRABLE INITIALLY DEFERRED;


--
-- Name: markets_creditcard markets_creditcard_user_id_8df131bf_fk_users_usermodel_id; Type: FK CONSTRAINT; Schema: public; Owner: mhmd
--

ALTER TABLE ONLY public.markets_creditcard
    ADD CONSTRAINT markets_creditcard_user_id_8df131bf_fk_users_usermodel_id FOREIGN KEY (user_id) REFERENCES public.users_usermodel(id) DEFERRABLE INITIALLY DEFERRED;


--
-- Name: markets_emailbalance markets_emailbalance_emailloan_ptr_id_e8010828_fk_markets_e; Type: FK CONSTRAINT; Schema: public; Owner: mhmd
--

ALTER TABLE ONLY public.markets_emailbalance
    ADD CONSTRAINT markets_emailbalance_emailloan_ptr_id_e8010828_fk_markets_e FOREIGN KEY (emailloan_ptr_id) REFERENCES public.markets_emailloan(id) DEFERRABLE INITIALLY DEFERRED;


--
-- Name: markets_emailloan markets_emailloan_user_id_b2ea4003_fk_users_usermodel_id; Type: FK CONSTRAINT; Schema: public; Owner: mhmd
--

ALTER TABLE ONLY public.markets_emailloan
    ADD CONSTRAINT markets_emailloan_user_id_b2ea4003_fk_users_usermodel_id FOREIGN KEY (user_id) REFERENCES public.users_usermodel(id) DEFERRABLE INITIALLY DEFERRED;


--
-- Name: markets_fiatdeposithistory markets_fiatdeposith_user_id_02c6547d_fk_users_use; Type: FK CONSTRAINT; Schema: public; Owner: mhmd
--

ALTER TABLE ONLY public.markets_fiatdeposithistory
    ADD CONSTRAINT markets_fiatdeposith_user_id_02c6547d_fk_users_use FOREIGN KEY (user_id) REFERENCES public.users_usermodel(id) DEFERRABLE INITIALLY DEFERRED;


--
-- Name: markets_internaltransfers markets_internaltran_from_user_id_689d94cd_fk_users_use; Type: FK CONSTRAINT; Schema: public; Owner: mhmd
--

ALTER TABLE ONLY public.markets_internaltransfers
    ADD CONSTRAINT markets_internaltran_from_user_id_689d94cd_fk_users_use FOREIGN KEY (from_user_id) REFERENCES public.users_usermodel(id) DEFERRABLE INITIALLY DEFERRED;


--
-- Name: markets_internaltransfers markets_internaltran_to_user_id_e7835cba_fk_users_use; Type: FK CONSTRAINT; Schema: public; Owner: mhmd
--

ALTER TABLE ONLY public.markets_internaltransfers
    ADD CONSTRAINT markets_internaltran_to_user_id_e7835cba_fk_users_use FOREIGN KEY (to_user_id) REFERENCES public.users_usermodel(id) DEFERRABLE INITIALLY DEFERRED;


--
-- Name: markets_loan markets_loan_user_id_dbb826db_fk_users_usermodel_id; Type: FK CONSTRAINT; Schema: public; Owner: mhmd
--

ALTER TABLE ONLY public.markets_loan
    ADD CONSTRAINT markets_loan_user_id_dbb826db_fk_users_usermodel_id FOREIGN KEY (user_id) REFERENCES public.users_usermodel(id) DEFERRABLE INITIALLY DEFERRED;


--
-- Name: markets_support markets_support_user_id_781b3a0e_fk_users_usermodel_id; Type: FK CONSTRAINT; Schema: public; Owner: mhmd
--

ALTER TABLE ONLY public.markets_support
    ADD CONSTRAINT markets_support_user_id_781b3a0e_fk_users_usermodel_id FOREIGN KEY (user_id) REFERENCES public.users_usermodel(id) DEFERRABLE INITIALLY DEFERRED;


--
-- Name: markets_wallets markets_wallets_user_id_a8cb007d_fk_users_usermodel_id; Type: FK CONSTRAINT; Schema: public; Owner: mhmd
--

ALTER TABLE ONLY public.markets_wallets
    ADD CONSTRAINT markets_wallets_user_id_a8cb007d_fk_users_usermodel_id FOREIGN KEY (user_id) REFERENCES public.users_usermodel(id) DEFERRABLE INITIALLY DEFERRED;


--
-- Name: markets_withdrawal markets_withdrawal_user_id_d0e61ba2_fk_users_usermodel_id; Type: FK CONSTRAINT; Schema: public; Owner: mhmd
--

ALTER TABLE ONLY public.markets_withdrawal
    ADD CONSTRAINT markets_withdrawal_user_id_d0e61ba2_fk_users_usermodel_id FOREIGN KEY (user_id) REFERENCES public.users_usermodel(id) DEFERRABLE INITIALLY DEFERRED;


--
-- Name: tickets_support tickets_support_user_id_3e8474c3_fk_users_usermodel_id; Type: FK CONSTRAINT; Schema: public; Owner: mhmd
--

ALTER TABLE ONLY public.tickets_support
    ADD CONSTRAINT tickets_support_user_id_3e8474c3_fk_users_usermodel_id FOREIGN KEY (user_id) REFERENCES public.users_usermodel(id) DEFERRABLE INITIALLY DEFERRED;


--
-- Name: token_blacklist_blacklistedtoken token_blacklist_blacklistedtoken_token_id_3cc7fe56_fk; Type: FK CONSTRAINT; Schema: public; Owner: mhmd
--

ALTER TABLE ONLY public.token_blacklist_blacklistedtoken
    ADD CONSTRAINT token_blacklist_blacklistedtoken_token_id_3cc7fe56_fk FOREIGN KEY (token_id) REFERENCES public.token_blacklist_outstandingtoken(id) DEFERRABLE INITIALLY DEFERRED;


--
-- Name: token_blacklist_outstandingtoken token_blacklist_outs_user_id_83bc629a_fk_users_use; Type: FK CONSTRAINT; Schema: public; Owner: mhmd
--

ALTER TABLE ONLY public.token_blacklist_outstandingtoken
    ADD CONSTRAINT token_blacklist_outs_user_id_83bc629a_fk_users_use FOREIGN KEY (user_id) REFERENCES public.users_usermodel(id) DEFERRABLE INITIALLY DEFERRED;


--
-- Name: users_notification users_notification_user_id_fed360c8_fk_users_usermodel_id; Type: FK CONSTRAINT; Schema: public; Owner: mhmd
--

ALTER TABLE ONLY public.users_notification
    ADD CONSTRAINT users_notification_user_id_fed360c8_fk_users_usermodel_id FOREIGN KEY (user_id) REFERENCES public.users_usermodel(id) DEFERRABLE INITIALLY DEFERRED;


--
-- Name: users_sign users_sign_user_id_f7a1b453_fk_users_usermodel_id; Type: FK CONSTRAINT; Schema: public; Owner: mhmd
--

ALTER TABLE ONLY public.users_sign
    ADD CONSTRAINT users_sign_user_id_f7a1b453_fk_users_usermodel_id FOREIGN KEY (user_id) REFERENCES public.users_usermodel(id) DEFERRABLE INITIALLY DEFERRED;


--
-- Name: users_usermodel_groups users_usermodel_grou_usermodel_id_5dda3e30_fk_users_use; Type: FK CONSTRAINT; Schema: public; Owner: mhmd
--

ALTER TABLE ONLY public.users_usermodel_groups
    ADD CONSTRAINT users_usermodel_grou_usermodel_id_5dda3e30_fk_users_use FOREIGN KEY (usermodel_id) REFERENCES public.users_usermodel(id) DEFERRABLE INITIALLY DEFERRED;


--
-- Name: users_usermodel_groups users_usermodel_groups_group_id_21c32c00_fk_auth_group_id; Type: FK CONSTRAINT; Schema: public; Owner: mhmd
--

ALTER TABLE ONLY public.users_usermodel_groups
    ADD CONSTRAINT users_usermodel_groups_group_id_21c32c00_fk_auth_group_id FOREIGN KEY (group_id) REFERENCES public.auth_group(id) DEFERRABLE INITIALLY DEFERRED;


--
-- Name: users_usermodel_user_permissions users_usermodel_user_permission_id_ca2684d8_fk_auth_perm; Type: FK CONSTRAINT; Schema: public; Owner: mhmd
--

ALTER TABLE ONLY public.users_usermodel_user_permissions
    ADD CONSTRAINT users_usermodel_user_permission_id_ca2684d8_fk_auth_perm FOREIGN KEY (permission_id) REFERENCES public.auth_permission(id) DEFERRABLE INITIALLY DEFERRED;


--
-- Name: users_usermodel_user_permissions users_usermodel_user_usermodel_id_bbf08559_fk_users_use; Type: FK CONSTRAINT; Schema: public; Owner: mhmd
--

ALTER TABLE ONLY public.users_usermodel_user_permissions
    ADD CONSTRAINT users_usermodel_user_usermodel_id_bbf08559_fk_users_use FOREIGN KEY (usermodel_id) REFERENCES public.users_usermodel(id) DEFERRABLE INITIALLY DEFERRED;


--
-- Name: vizits_services vizits_services_center_id_132f965e_fk_users_usermodel_id; Type: FK CONSTRAINT; Schema: public; Owner: mhmd
--

ALTER TABLE ONLY public.vizits_services
    ADD CONSTRAINT vizits_services_center_id_132f965e_fk_users_usermodel_id FOREIGN KEY (center_id) REFERENCES public.users_usermodel(id) DEFERRABLE INITIALLY DEFERRED;


--
-- Name: vizits_vizits vizits_vizits_center_id_2cbb8c1b_fk_users_usermodel_id; Type: FK CONSTRAINT; Schema: public; Owner: mhmd
--

ALTER TABLE ONLY public.vizits_vizits
    ADD CONSTRAINT vizits_vizits_center_id_2cbb8c1b_fk_users_usermodel_id FOREIGN KEY (center_id) REFERENCES public.users_usermodel(id) DEFERRABLE INITIALLY DEFERRED;


--
-- Name: vizits_vizits vizits_vizits_service_id_e20c94f7_fk_vizits_services_id; Type: FK CONSTRAINT; Schema: public; Owner: mhmd
--

ALTER TABLE ONLY public.vizits_vizits
    ADD CONSTRAINT vizits_vizits_service_id_e20c94f7_fk_vizits_services_id FOREIGN KEY (service_id) REFERENCES public.vizits_services(id) DEFERRABLE INITIALLY DEFERRED;


--
-- PostgreSQL database dump complete
--

